File,Actual,Predicted
"missing_ramp/HZIF2YDDnrajRfDUU3R6ggcrop8976.0,-661.0.jpg",missing_ramp,missing_ramp
"sfc_problem/BAyyhLt2UrLEtzNj0-j_ngcrop7402.0,-909.0.jpg",sfc_problem,sfc_problem
"null/C_VI7Urkz6UMbfog3Eo5vAcrop12962.0,-1243.0.jpg",null,null
"null/NQANnpx_DaSTTS5OS-V-HAcrop7082.0,-242.0.jpg",null,ramp
"null/1r8tjZYWkaZLqCr7E9UrCgcrop9451.0,-672.0.jpg",null,null
"obstruction/ZsKU5fLN7NAPP71wTqoA5gcrop7929.0,-341.0.jpg",obstruction,null
"sfc_problem/o6MnhPiutRntUrmHz31USwcrop7490.0,-403.0.jpg",sfc_problem,null
"null/Y5cqRleMhdNa7HLuIrJefwcrop11723.0,-594.0.jpg",null,missing_ramp
"null/J6zo1h8-b_pqsQVPhrrIcwcrop1979.0,-223.0.jpg",null,obstruction
"null/ssD5iz_pBUkMEMq6AKcX9gcrop10911.0,-759.0.jpg",null,null
"null/jz2HcAXnJCF14BiAgGanagcrop12335.0,-1068.0.jpg",null,null
"missing_ramp/memCOwymdSTRZeZEqx1thgcrop327.0,-678.0.jpg",missing_ramp,missing_ramp
"ramp/vBFGA4B2M0EBzn3rUG-slgcrop12884.0,-1207.0.jpg",ramp,ramp
"sfc_problem/VWa0zg4Hiyt3wpTnm9zJOAcrop5676.0,-347.0.jpg",sfc_problem,sfc_problem
"null/23DMSvp74A0XwLTNhFx5cgcrop6878.0,-1476.0.jpg",null,null
"missing_ramp/STUcZ_Y8VGm-TOjcj8Gwtwcrop13081.0,-115.0.jpg",missing_ramp,ramp
"null/4rjkXMHmydAqD2G4eqYNYgcrop9671.0,-148.0.jpg",null,null
"null/oct_4bE1gBt6UbZKvDdobAcrop1304.0,-183.0.jpg",null,null
"null/kZSXn2IxNYJXm_-SwDV3cQcrop12851.0,-860.0.jpg",null,null
"null/NWLSD1tQPdvMvtwuXCxS-Acrop4496.0,-107.0.jpg",null,null
"obstruction/JNwyBLPUyP7guhHF9pNV0wcrop10181.0,-711.0.jpg",obstruction,sfc_problem
"null/-l_SMO9qk72OJ8wCuOsxPQcrop8319.0,-940.0.jpg",null,null
"null/kBiuUuy2xCoXT0rdw_m_DQcrop8832.0,-1522.0.jpg",null,ramp
"null/ZU7DG-hNFQzV1G3zB23GCwcrop9572.0,-89.0.jpg",null,null
"null/kqSjfYzUevAbjQdKlecsSgcrop3720.0,-680.0.jpg",null,null
"null/eNqiGn83ODwdnOTIdfqiUwcrop7284.0,-128.0.jpg",null,ramp
"null/FV6DlRKb1i3BAmMTgyOe7gcrop3797.0,-1025.0.jpg",null,null
"null/feRUyStLSfroOyhWDmMpVQcrop10905.0,-1462.0.jpg",null,null
"ramp/I0ZMmz-BLKmo9cXlGclB8Qcrop2107.0,-393.0.jpg",ramp,ramp
"null/S0XOCPK0gnlBVH51IRNh6wcrop8742.0,-257.0.jpg",null,null
"missing_ramp/aP5ZY6IHE3lziMBQQutnVgcrop11683.0,-313.0.jpg",missing_ramp,sfc_problem
"null/XX-HlpTo3cwFcMM15InDmAcrop12699.0,-507.0.jpg",null,null
"missing_ramp/beLMrsImJf56aWHZ8tTTcgcrop2839.0,-299.0.jpg",missing_ramp,missing_ramp
"ramp/rcIYDm-POXMqPkA8Wg5sWwcrop11165.0,-1239.0.jpg",ramp,ramp
"null/1wKA2Mzl4Pj5le1zvFu1Mgcrop5130.0,-771.0.jpg",null,sfc_problem
"ramp/RoOyujZ_v9GlaDgmKdclvwcrop6143.0,-512.0.jpg",ramp,ramp
"missing_ramp/-BPVTwhyTejjLbIJiUVYIQcrop5634.0,-918.0.jpg",missing_ramp,sfc_problem
"null/SfYJ4cImm67UzCZTD6MQJgcrop3530.0,-1568.0.jpg",null,null
"missing_ramp/yVu1RX2Ri4CQa2dpYDoxAAcrop4849.0,-615.0.jpg",missing_ramp,null
"missing_ramp/sOlSWX3ZgB-JME3NupVLowcrop2302.0,-470.0.jpg",missing_ramp,missing_ramp
"missing_ramp/wuk--sZ3fJyMsMo4tJuybgcrop12401.0,-330.0.jpg",missing_ramp,missing_ramp
"ramp/DNKpwgLgO8nrAiqkRrlosAcrop10590.0,-595.0.jpg",ramp,ramp
"null/tXeXR2iHkExc6YHxy0fNTwcrop11324.0,-239.0.jpg",null,null
"ramp/Anx8hI7TeJ72umn3bqGF8wcrop8844.0,-1090.0.jpg",ramp,ramp
"null/pWfbz2UIJDo0eI2gYgtChgcrop8406.0,-1351.0.jpg",null,null
"missing_ramp/e9wI2ahRG382AeEfayqxagcrop2674.0,-465.0.jpg",missing_ramp,missing_ramp
"null/UwbRrxsCH-oWCdW5JN7oUwcrop7751.0,-235.0.jpg",null,null
"null/nj43pgFCtj_HXfyc8TajPgcrop3872.0,-302.0.jpg",null,null
"ramp/DTN__8w8ljcdVDYlDJ9Vogcrop6751.0,-160.0.jpg",ramp,missing_ramp
"obstruction/TBA-2sJ8SrfDKy7CG8LRAwcrop5890.0,-382.0.jpg",obstruction,null
"null/ZdFD4aCWW9BzUczhR_cYcgcrop1003.0,-1361.0.jpg",null,null
"null/5LpAza0Py7EGaN5P1vtmqQcrop2835.0,-663.0.jpg",null,null
"missing_ramp/DXCYcbKzmYWxfeJEi-_OOgcrop750.0,-693.0.jpg",missing_ramp,missing_ramp
"sfc_problem/9Ec-rByR7q90916QMnrZjwcrop3007.0,-1108.0.jpg",sfc_problem,sfc_problem
"null/B_0XYnfAR9hSBfRg9e8CTwcrop4729.0,-1678.0.jpg",null,null
"null/vab8Pdz_crutOLFqS9r9Ewcrop11812.0,-266.0.jpg",null,null
"null/Rku28omTwVlagt7IjmPtBwcrop11441.0,-1405.0.jpg",null,null
"null/ghGr4q1bVESHsDeIUUxvngcrop1563.0,-1627.0.jpg",null,null
"null/9bDA7z7r0KkRFwY8flNbQgcrop6494.0,-1152.0.jpg",null,null
"sfc_problem/oqP7byVfpym5eotQ9U4fdAcrop6321.0,-576.0.jpg",sfc_problem,null
"sfc_problem/Nf0R06_rjNmLzHaW1cNx3wcrop5570.0,-859.0.jpg",sfc_problem,null
"missing_ramp/QmtfhalnBQ7CEsi1nJmm6gcrop8280.0,-462.0.jpg",missing_ramp,missing_ramp
"sfc_problem/-fTBqF8LqORpqEoM27lK4Qcrop9005.0,-358.0.jpg",sfc_problem,sfc_problem
"sfc_problem/TFh9u3RjvBYDublsgZeWHgcrop4833.0,-351.0.jpg",sfc_problem,null
"null/0o5UD2lV47rsCz1NNl2_WQcrop3192.0,-82.0.jpg",null,null
"missing_ramp/t0KvR38Aml559WV1lkDaUAcrop9077.0,-582.0.jpg",missing_ramp,missing_ramp
"null/yfT6b4SDcAjx6yPakNyi-Acrop12134.0,-373.0.jpg",null,null
"null/yYKyV-nxAYxLjwjAiQqvwgcrop1371.0,-1302.0.jpg",null,null
"null/EWazcRXx4rxAJN-uqRdT1gcrop1400.0,-622.0.jpg",null,null
"missing_ramp/7AM7xjALZJ7Uc88-dVjsHAcrop4319.0,-415.0.jpg",missing_ramp,missing_ramp
"obstruction/cWkEELkuM3T425NJSEiYIwcrop711.0,-271.0.jpg",obstruction,ramp
"sfc_problem/7waUEo6scFAiNn59_wO5kwcrop12120.0,-424.0.jpg",sfc_problem,obstruction
"null/tD94AqV6FOxWmGQbpuwiQAcrop3100.0,-85.0.jpg",null,null
"null/f58wswHfS2a14-qgjUoNLQcrop2827.0,-1101.0.jpg",null,null
"obstruction/1JBETzeiOxRJtTElzZ8r_wcrop290.0,-436.0.jpg",obstruction,obstruction
"null/F5Gmh4TBiCOY6o6Qgm295Qcrop8867.0,-1694.0.jpg",null,null
"ramp/jQdLwvjVMqab7AAsMcrVQAcrop9071.0,-705.0.jpg",ramp,ramp
"ramp/_FYg_SosgQnGpdZWIzZOLQcrop12584.0,-1004.0.jpg",ramp,ramp
"null/9X4tunuJ3xThsljd36JgCQcrop9965.0,-212.0.jpg",null,null
"ramp/C53067ydrIIbtOGk9Vb7Zwcrop3123.0,-522.0.jpg",ramp,null
"null/wfqLpqoAsCY8UcFYgoQdWwcrop11238.0,-1081.0.jpg",null,null
"null/62IfSMnh5ctCtSLec82ViAcrop9464.0,-530.0.jpg",null,null
"sfc_problem/xl_gqWnjajhYmoou2nrudAcrop3108.0,-1248.0.jpg",sfc_problem,ramp
"null/7RuKbj8qvf5kqKiLLZprqwcrop10994.0,-470.0.jpg",null,null
"null/nZMTzQsf8Yhsb8Dd9yBwHwcrop1117.0,-641.0.jpg",null,null
"missing_ramp/i-ef21_Qg_4bXyXU8aXu2gcrop8596.0,-671.0.jpg",missing_ramp,missing_ramp
"null/krbG8mFO2uC3kggn6Lf9bAcrop4253.0,-1084.0.jpg",null,null
"missing_ramp/gl4LGlEG5_r_888i5Msc2wcrop12008.0,-546.0.jpg",missing_ramp,ramp
"null/Evs-cluS4i2W1egGd153XAcrop11890.0,-1014.0.jpg",null,null
"missing_ramp/gyjt0pmO0oGx4O_DnGDQQAcrop3046.0,-714.0.jpg",missing_ramp,missing_ramp
"sfc_problem/3Rge-ZazX_ldBJWQUOSCBwcrop2298.0,-706.0.jpg",sfc_problem,missing_ramp
"null/uPUTwwYSLNuU_lllCvSrzAcrop6287.0,-1401.0.jpg",null,null
"obstruction/BH-c-15vWtNvcSwiXeczsAcrop7774.0,-326.0.jpg",obstruction,null
"null/PFP2FmkMMob1WMpM1MKmIQcrop12428.0,-737.0.jpg",null,null
"missing_ramp/ikWTApL5ToMFyFpLTFAGyAcrop11278.0,-396.0.jpg",missing_ramp,missing_ramp
"null/LxgufgxixZEKqWsgQySlHQcrop3220.0,-1508.0.jpg",null,null
"null/u7ezzWHTrLw-qZNI7xaSvwcrop12160.0,-226.0.jpg",null,null
"null/M17JtxOkeX2qlSLqsoEpFAcrop12324.0,-1587.0.jpg",null,null
"missing_ramp/2BcncBnwUvviwVbBqMVaVQcrop6991.0,-554.0.jpg",missing_ramp,missing_ramp
"obstruction/5b78rj44wA4Xx4DoGyG5Uwcrop11842.0,-265.0.jpg",obstruction,obstruction
"null/RNYTVhmfV8HnT33PmNE2Wgcrop10540.0,-942.0.jpg",null,null
"null/QcdzxKM0eFheVWZxpvEazgcrop12462.0,-411.0.jpg",null,null
"null/N-oeZLAXrRig35-DRg1FPQcrop12443.0,-958.0.jpg",null,null
"ramp/YYphuyoJuOKXQ5SKeDNLZwcrop2532.0,-548.0.jpg",ramp,ramp
"sfc_problem/rKrc6XtkU73t-gJpo1FEKgcrop6132.0,-454.0.jpg",sfc_problem,sfc_problem
"ramp/7MmyovZ9ymDotysfwixp-gcrop6592.0,-793.0.jpg",ramp,ramp
"missing_ramp/5JLdqaDjuPvizB2yxts9BAcrop2416.0,-638.0.jpg",missing_ramp,missing_ramp
"sfc_problem/a9c8kY8ehrKvxrWGIx6iFgcrop12645.0,-481.0.jpg",sfc_problem,obstruction
"missing_ramp/3p46McMD5I9JwL7qNeUnZAcrop12990.0,-162.0.jpg",missing_ramp,missing_ramp
"ramp/w5zAWJZzoYh0IiVfqb6-gAcrop11408.0,-662.0.jpg",ramp,ramp
"null/3qB4FlB6BCXtDadOMqvpvgcrop11850.0,-1622.0.jpg",null,null
"null/ORBQ2sFN7pMgKSx3Ypiaswcrop10840.0,-70.0.jpg",null,null
"null/9oIQStPsq3EpVxk-h2Hhpgcrop8601.0,-1019.0.jpg",null,missing_ramp
"obstruction/hDnmhdxjioVmAw7opmGksQcrop159.0,-265.0.jpg",obstruction,null
"null/WRB7FRRaFa4vftbxG2py2Qcrop10413.0,-541.0.jpg",null,null
"null/9UyV-8C5lKNFt9Qg42_ZEAcrop11056.0,-969.0.jpg",null,null
"null/eyktT1fL6ymP6jOXXa9_0Qcrop9734.0,-1194.0.jpg",null,null
"null/V67Nf7PIpKcBCiF0WyaVPQcrop12368.0,-1620.0.jpg",null,missing_ramp
"ramp/ltVDrYKwq-qneP9fwqhM2gcrop12271.0,-658.0.jpg",ramp,ramp
"obstruction/Pqrtz-sLdIrX1MQUL2eK6wcrop441.0,-433.0.jpg",obstruction,null
"null/vzyYNN8ndf0bEH6Xdrb8Jgcrop5136.0,-425.0.jpg",null,null
"null/eNEVdIaLOIm6ImECvguPlgcrop7094.0,-260.0.jpg",null,null
"null/gwaguiUgmjnaIifu9NH2PQcrop10013.0,-757.0.jpg",null,null
"missing_ramp/LVbKACFUqHL0i5ALf0P41Qcrop5981.0,-598.0.jpg",missing_ramp,missing_ramp
"null/5HM-XAs2mhUz764c2z_27wcrop10077.0,-1002.0.jpg",null,null
"null/-1VbzB8qqeMVY6rjf3S8rwcrop1770.0,-676.0.jpg",null,null
"null/xpZ2jSxOwSAYpXehsVX4EQcrop1356.0,-227.0.jpg",null,null
"null/lRgfJFlShJ3XJ5cyHwJhBgcrop12480.0,-997.0.jpg",null,null
"null/MN4wj-WZQOSCWgI2sRLeJgcrop1652.0,-580.0.jpg",null,null
"sfc_problem/lO6AMvS9-cBy5JuBM4SMEwcrop3486.0,-351.0.jpg",sfc_problem,null
"missing_ramp/67Sr8AH3K_HCRkMOXxicQgcrop9503.0,-472.0.jpg",missing_ramp,missing_ramp
"obstruction/v1T1O7XDKe0TzihZhwWkeQcrop1359.0,-372.0.jpg",obstruction,obstruction
"null/GLjk5qtPtqX3ZK1Coco-Owcrop13010.0,-1235.0.jpg",null,null
"null/fkBll9yUWMB0-OG63wHShQcrop2392.0,-630.0.jpg",null,sfc_problem
"null/3ep7-YfGuTEHPxjZ2twz0wcrop12949.0,-1635.0.jpg",null,null
"null/ZvAHlLtCikyr_yonMAgWpAcrop11334.0,-997.0.jpg",null,null
"null/YAZ7bJX-58uxzKbBW5o7yAcrop8229.0,-595.0.jpg",null,null
"missing_ramp/tMFdyUdtKduVYsbRA-fFIwcrop9785.0,-735.0.jpg",missing_ramp,null
"missing_ramp/PzKLPRWBFuASHjalf9__Swcrop10896.0,-277.0.jpg",missing_ramp,null
"missing_ramp/92WFAHWEHCCtEiLkxgg9tAcrop6763.0,-227.0.jpg",missing_ramp,missing_ramp
"null/uThEE2BRLOs0kR6YdhGn9Acrop5583.0,-476.0.jpg",null,null
"null/9Cx81oJa0FsDhGr05xMR7Qcrop2274.0,-1586.0.jpg",null,null
"sfc_problem/IQ4eqZJQF7ZVJaVj8g0yYwcrop1318.0,-996.0.jpg",sfc_problem,missing_ramp
"null/dTz4WUjV2cN8CdlrYRIljQcrop2052.0,-1521.0.jpg",null,null
"missing_ramp/lkELBSs_TLzwHlq9fOPoewcrop5555.0,-595.0.jpg",missing_ramp,missing_ramp
"ramp/dqYowcQHtWLGbbXiNqK9lgcrop893.0,-333.0.jpg",ramp,ramp
"ramp/gyFuxqdBmrjXpxMkvJLUnAcrop4834.0,-1333.0.jpg",ramp,ramp
"ramp/XOzEzP2Jv6SafAFSrUrcRwcrop1225.0,-347.0.jpg",ramp,ramp
"null/bZNH65wc1r08oPIY8nWeHwcrop12280.0,-607.0.jpg",null,null
"null/2ik9BSAYKtUriHV_xOxuZgcrop7710.0,-833.0.jpg",null,null
"null/m_kUfjWsAP4BV676M-Wpbgcrop6337.0,-1628.0.jpg",null,null
"null/uj5JioLmsHq0HYFYdc2RDAcrop3283.0,-1258.0.jpg",null,null
"null/fCtC9i0NHuXWaxJaKQCCnAcrop3642.0,-1284.0.jpg",null,null
"missing_ramp/LVbKACFUqHL0i5ALf0P41Qcrop105.0,-1302.0.jpg",missing_ramp,missing_ramp
"null/-gijIEBC27iEAegR1tkyKgcrop1786.0,-522.0.jpg",null,null
"missing_ramp/yv4PQ4r4PHbbf-Efs1PeOAcrop4267.0,-692.0.jpg",missing_ramp,missing_ramp
"missing_ramp/6cyWsniebdKYx0_Ytqa7zQcrop4809.0,-337.0.jpg",missing_ramp,missing_ramp
"null/v8i-o93YGjwTlItnU0Sqzgcrop9714.0,-322.0.jpg",null,obstruction
"missing_ramp/LjClEGSaIXqFdoFiU0TwAwcrop2574.0,-419.0.jpg",missing_ramp,missing_ramp
"ramp/jz4f9KqoeDUKkhW334i9ewcrop5281.0,-324.0.jpg",ramp,obstruction
"obstruction/yoA-TZHMgchD0zYlk7im-Qcrop8659.0,-689.0.jpg",obstruction,null
"null/5staAYT3Df3tLH4QPXFQ8Acrop7299.0,-1190.0.jpg",null,null
"null/g-_dh0jB9VxwlR3GvCpbxAcrop9819.0,-135.0.jpg",null,null
"null/FiA3scoFZbJQfKnVe6U-eAcrop6987.0,-649.0.jpg",null,null
"null/XaP2v_lqlPTuIbUSYv1Xmgcrop12577.0,-1355.0.jpg",null,null
"missing_ramp/oMmUH79a5tvqGtKX1tOuFAcrop8099.0,-489.0.jpg",missing_ramp,missing_ramp
"null/wGKBfGF5XtQoh3LdflMWIAcrop7411.0,-519.0.jpg",null,null
"null/fNQ1GR_V8aEsLSsBFLl27wcrop7766.0,-1636.0.jpg",null,null
"null/UDTSvLtVzsHM6imf8t8-7Qcrop10570.0,-1199.0.jpg",null,null
"null/bbt2gH12ZSTi_DGbK5Hr3wcrop1943.0,-1047.0.jpg",null,null
"null/C26wQoSepbATbtgrXUc69gcrop12090.0,-801.0.jpg",null,null
"ramp/lk95zcW0edw2sZCB1rMPTAcrop12710.0,-408.0.jpg",ramp,ramp
"null/QcQxXNcjnYY1YIQV55-Z3Acrop3341.0,-1083.0.jpg",null,obstruction
"null/C1VeeaWQ3MT_tRzq2raj4gcrop6827.0,-914.0.jpg",null,null
"obstruction/l6LatafFoHFLW5VqboLnRgcrop156.0,-539.0.jpg",obstruction,obstruction
"null/m94KPoY4jotP_yhH279ZBAcrop5890.0,-1172.0.jpg",null,null
"null/zcQ4wl8yecuyF8fAXvOqcwcrop4809.0,-1227.0.jpg",null,null
"ramp/vAbKkPAvqa5gcZCNFOaLzQcrop10745.0,-322.0.jpg",ramp,ramp
"ramp/wiW8PBT09OyhaBosI5vw6Acrop1647.0,-591.0.jpg",ramp,missing_ramp
"null/8HqKtHuUJIJYPS2q6JFF1Qcrop3239.0,-401.0.jpg",null,ramp
"missing_ramp/ec_FThilLV44cz1RyoupSAcrop43.0,-787.0.jpg",missing_ramp,null
"sfc_problem/gQLG7ilc3tJynqZBXb_gpQcrop769.0,-590.0.jpg",sfc_problem,sfc_problem
"missing_ramp/125OU40uKRB4-msWCQ721Acrop3732.0,-712.0.jpg",missing_ramp,missing_ramp
"missing_ramp/zjbVgxW3gmPO2G-XBD4AmAcrop1085.0,-292.0.jpg",missing_ramp,null
"ramp/QmtfhalnBQ7CEsi1nJmm6gcrop10802.0,-505.0.jpg",ramp,ramp
"null/3AljXpTCAa-Olr6taZDv5gcrop5029.0,-1227.0.jpg",null,null
"ramp/xtLnOVoyuXQoLpHgaC1T5gcrop1424.0,-920.0.jpg",ramp,ramp
"missing_ramp/SKBBB_0CZEc7GjvIQfc3Fgcrop10143.0,-614.0.jpg",missing_ramp,missing_ramp
"missing_ramp/VlSaYYX6c0isNQaQW3GvRAcrop3167.0,-384.0.jpg",missing_ramp,missing_ramp
"obstruction/SyBRKwoEe9GPdCDLFUtSGgcrop1993.0,-294.0.jpg",obstruction,null
"null/4O0C_1-2gOA1FDhZVExDJAcrop6934.0,-1433.0.jpg",null,null
"null/9FHVKE2wBVwN11kAMh6hZAcrop8290.0,-1545.0.jpg",null,null
"obstruction/C53067ydrIIbtOGk9Vb7Zwcrop7065.0,-432.0.jpg",obstruction,null
"missing_ramp/wgZ25_QKLDhmVEFkPAmBJwcrop7112.0,-294.0.jpg",missing_ramp,null
"null/QvrZ6qcD9D6XPS9arLyuZgcrop11099.0,-1688.0.jpg",null,null
"sfc_problem/Y86_OAj6L52oZuxWyd0UKAcrop6895.0,-549.0.jpg",sfc_problem,sfc_problem
"null/7wNqOVKuDt4h6sFedMXJKgcrop9710.0,-1661.0.jpg",null,null
"ramp/ToxMvC6M-fk-sXdKH1sJcAcrop5229.0,-486.0.jpg",ramp,ramp
"missing_ramp/_wDncZkkWB4VZlPXTiZURwcrop2117.0,-651.0.jpg",missing_ramp,missing_ramp
"obstruction/FV8qUKIW0My0Nfe2k4459Acrop9056.0,-219.0.jpg",obstruction,obstruction
"null/mBKNTUwdxSTX4txoAN0bBwcrop6893.0,-1411.0.jpg",null,null
"obstruction/-je14V8nzOFZPY_Q9_Keiwcrop9974.0,-464.0.jpg",obstruction,obstruction
"obstruction/zoaExI6S0JvbC1CH4ksH3Acrop1355.0,-952.0.jpg",obstruction,missing_ramp
"missing_ramp/wGKBfGF5XtQoh3LdflMWIAcrop5828.0,-615.0.jpg",missing_ramp,null
"null/NI7ma7FS4jHOC_zqpiE1hgcrop3784.0,-1203.0.jpg",null,null
"obstruction/q0p_G2FReId2ECtNza9Gswcrop2346.0,-676.0.jpg",obstruction,null
"obstruction/iXYGtES5ujggzEp38_EJYgcrop9326.0,-419.0.jpg",obstruction,missing_ramp
"obstruction/S4WS4QB9CbuGvcOCUbzxSQcrop8737.0,-178.0.jpg",obstruction,null
"null/FV8qUKIW0My0Nfe2k4459Acrop12725.0,-1144.0.jpg",null,null
"null/w9usHsbjlcybFxN9oCt0pwcrop1405.0,-998.0.jpg",null,null
"obstruction/O6Of3Pvyk8AkRsMtLNevhQcrop13136.0,-655.0.jpg",obstruction,obstruction
"null/L2MGhHP7LIDfOALLVZls9wcrop1383.0,-1084.0.jpg",null,null
"sfc_problem/3Lg0ueeQpEiGqh9pbYHXlgcrop5172.0,-486.0.jpg",sfc_problem,sfc_problem
"missing_ramp/fILqT3EWJ_ZpezDigHJ-Awcrop1644.0,-183.0.jpg",missing_ramp,obstruction
"missing_ramp/sAWmbDYdqG4JCjDAMxxwdgcrop7206.0,-928.0.jpg",missing_ramp,null
"null/ZETZSp5vlGymGoW7i6XbTAcrop1274.0,-1171.0.jpg",null,null
"null/a_33_f9E_9hXKyBPCRdlYQcrop8496.0,-1114.0.jpg",null,null
"ramp/gyFuxqdBmrjXpxMkvJLUnAcrop909.0,-188.0.jpg",ramp,ramp
"null/D36lEwAyU5GtR8dHXkbkpAcrop8199.0,-871.0.jpg",null,null
"obstruction/6nzu3s1PAXJT1Ic9rnhiEQcrop7134.0,-1076.0.jpg",obstruction,obstruction
"null/3zcrhqVZmXigArxxbhf3Xgcrop2109.0,-1115.0.jpg",null,null
"obstruction/PzKLPRWBFuASHjalf9__Swcrop6386.0,-374.0.jpg",obstruction,null
"null/BiXv3WukFJAs-LOsqby0zwcrop585.0,-1403.0.jpg",null,null
"null/x3_DM7DUY2x3AD6Ne_HXJgcrop9141.0,-708.0.jpg",null,null
"null/b9g1iFZY5J7O8VrprviFswcrop796.0,-976.0.jpg",null,null
"null/phssnN9IGJPhjw6xKvvz-gcrop10819.0,-534.0.jpg",null,null
"null/APlBRmSPN4e9PQ_kVz09Mgcrop1207.0,-427.0.jpg",null,null
"null/BkyqPSJxp2uflqkqhHMlAAcrop1782.0,-1263.0.jpg",null,null
"null/gp_qMztZRvfzZ3kaiHSgjgcrop10430.0,-873.0.jpg",null,null
"null/AqghSwW5QZ9R_VXQfVoGFwcrop7493.0,-608.0.jpg",null,null
"null/mZpNcD6ezk71QYDtDTVA_wcrop2304.0,-4.0.jpg",null,null
"obstruction/rin66HFqEq1A_B9fqR4mHQcrop8071.0,-921.0.jpg",obstruction,ramp
"null/eWk0Btof2DWkeLVWkHKevgcrop5709.0,-840.0.jpg",null,null
"null/8NhrHrKDuvR5PecSNDniDQcrop8256.0,-1617.0.jpg",null,null
"null/Qw0_gdTOm-iHhw94DpuN8Qcrop12152.0,-1631.0.jpg",null,null
"null/gaS_5JMafCP7H-HBblKergcrop8952.0,-54.0.jpg",null,null
"ramp/FOTepGbyk7U045xbX4dCowcrop11775.0,-1073.0.jpg",ramp,ramp
"null/D3SOfz_54AUAJjTSp1SuYQcrop2598.0,-475.0.jpg",null,null
"ramp/PWg3oQy5xim9qvyEoea84Qcrop5267.0,-630.0.jpg",ramp,ramp
"ramp/gpU96yV3NI777PrVQ7U4kgcrop8356.0,-577.0.jpg",ramp,ramp
"null/Z_UozoLgqo8Y5EIZ9Gz7cgcrop1971.0,-1466.0.jpg",null,null
"sfc_problem/w9usHsbjlcybFxN9oCt0pwcrop328.0,-747.0.jpg",sfc_problem,sfc_problem
"missing_ramp/vmbTc-6wsYazrjywh5xnUwcrop1396.0,-420.0.jpg",missing_ramp,ramp
"null/8IkkWXqCbz5JqpIiEBCLRAcrop11626.0,-1526.0.jpg",null,null
"null/h1R0EBFlKSQd2N4yIFhguQcrop9263.0,-441.0.jpg",null,null
"sfc_problem/krbG8mFO2uC3kggn6Lf9bAcrop2000.0,-1349.0.jpg",sfc_problem,null
"ramp/zsvKv7NrQo5DyRZJWnUKlQcrop9032.0,-474.0.jpg",ramp,sfc_problem
"missing_ramp/Zezsvr7XeNaoSGgSjOf3gAcrop4293.0,-277.0.jpg",missing_ramp,null
"null/c8jsHCAXLmsuu2RZSP_mRQcrop3284.0,-276.0.jpg",null,null
"null/ShQrGstfpfhWGF5XDQIpmQcrop11306.0,-711.0.jpg",null,null
"null/HnufSqouMyGidkuUume-fAcrop1335.0,-378.0.jpg",null,null
"null/fAbledaPCi0r-pChZM92rgcrop7960.0,-937.0.jpg",null,null
"null/urZCirnylHaZC49uYruE3Qcrop8317.0,-519.0.jpg",null,null
"missing_ramp/lCOMzDBFI_KpgssoBTQ5Jwcrop5639.0,-525.0.jpg",missing_ramp,missing_ramp
"null/ER0EQ8RVxm73VJa3sKKsmQcrop7722.0,-667.0.jpg",null,null
"null/48JKHgwep8fxH0FYOrDxIgcrop984.0,-598.0.jpg",null,null
"null/55hWVwAoVJqau_APzr7U6gcrop594.0,-47.0.jpg",null,obstruction
"missing_ramp/7UIE4y4L9-wC2z1B8FEi4wcrop4168.0,-340.0.jpg",missing_ramp,null
"missing_ramp/sPYP6S60xuD2gJ2LDe8w3gcrop13103.0,-979.0.jpg",missing_ramp,null
"ramp/_wLtyAubgAcO10zcVNXwiAcrop6119.0,-343.0.jpg",ramp,missing_ramp
"ramp/w-Y1kgCUhfLYu4-tnTnb2Acrop11964.0,-294.0.jpg",ramp,ramp
"null/NZbej0i0iMLSzH_riS0qTAcrop10349.0,-793.0.jpg",null,null
"null/JT2edfLPXRslHpdLq7PBlgcrop7466.0,-946.0.jpg",null,null
"obstruction/r0Yt-uDX_njLhpVaJyYi2Qcrop1427.0,-1057.0.jpg",obstruction,ramp
"missing_ramp/nr4Paoj096myLyiW1D1qawcrop11557.0,-543.0.jpg",missing_ramp,missing_ramp
"null/kNrbyodbq_6N9iec2MbmOwcrop2899.0,-1670.0.jpg",null,null
"null/ENNhhRTxphpH6ENPVN5MVgcrop4199.0,-1351.0.jpg",null,null
"null/C_VI7Urkz6UMbfog3Eo5vAcrop11057.0,-150.0.jpg",null,null
"null/cmucC73cw4gRsuMaUi4rrgcrop2520.0,-1272.0.jpg",null,null
"missing_ramp/mvQH9WKnC9G-y18kPMy05wcrop1024.0,-377.0.jpg",missing_ramp,missing_ramp
"null/YIgCvyOUm1s4m46aTI2WuQcrop2719.0,-1317.0.jpg",null,null
"missing_ramp/y97HWyhd9z2E0Z2Oas8JCgcrop10409.0,-465.0.jpg",missing_ramp,missing_ramp
"ramp/tyo874-wRaOCwr_kyqatsgcrop5667.0,-360.0.jpg",ramp,ramp
"ramp/gyFuxqdBmrjXpxMkvJLUnAcrop1534.0,-200.0.jpg",ramp,ramp
"ramp/D5Se4AuiyxHr2ht2CkjnBQcrop2047.0,-348.0.jpg",ramp,null
"null/MI2mHW0lk99jBc1OlS7XfQcrop10354.0,-1306.0.jpg",null,null
"null/Cva9kQHU3TNK_EN5qfByOwcrop7727.0,-1090.0.jpg",null,null
"missing_ramp/MXgWWpeX2CZMdgVmixprxAcrop10657.0,-249.0.jpg",missing_ramp,missing_ramp
"missing_ramp/S5Xe96yJgHRylODvaAEBjgcrop4164.0,-317.0.jpg",missing_ramp,null
"null/DPFpiJQFnnf46R1bTOk_jgcrop4881.0,-679.0.jpg",null,null
"obstruction/6ISWrKFODGY1RsTDVWfbEgcrop11669.0,-498.0.jpg",obstruction,sfc_problem
"null/LXPan3FrMxgaQlALf2jWIAcrop10163.0,-1446.0.jpg",null,null
"null/gGlOgsm4JxmTkNW336MSQAcrop8556.0,-860.0.jpg",null,null
"null/4gQPTKnVWtTrdCF7HXPANgcrop5426.0,-184.0.jpg",null,null
"null/umvX0tiHwYwH1Rw4UjvliQcrop478.0,-692.0.jpg",null,null
"null/_NAC3HOv766nLTRnEsCOwQcrop8651.0,-549.0.jpg",null,null
"missing_ramp/Mmsc4NmesJAHI5AWFb0Clwcrop3576.0,-641.0.jpg",missing_ramp,missing_ramp
"null/vp5xXE9zpC686jcXC6brhQcrop3635.0,-884.0.jpg",null,sfc_problem
"obstruction/WhC-d8nYuqqPJRAILT5IAAcrop12231.0,-266.0.jpg",obstruction,obstruction
"missing_ramp/sAWmbDYdqG4JCjDAMxxwdgcrop4026.0,-500.0.jpg",missing_ramp,missing_ramp
"null/PgRkYW5vSA7cVOeEC8QxNAcrop11528.0,-1636.0.jpg",null,null
"null/DOv9ZzQKcwF3S0MF6rD7Ogcrop11422.0,-1229.0.jpg",null,null
"ramp/mOajlR8UEKlYdl9mG6FTuwcrop1179.0,-494.0.jpg",ramp,ramp
"ramp/_qJ3EVMeORd6NuQeb2yDCgcrop3503.0,-646.0.jpg",ramp,null
"ramp/C1tpNsu1e9mDb7MtLpCQEAcrop5235.0,-298.0.jpg",ramp,null
"missing_ramp/2A6p50LemUj6YuJYRTcoOAcrop8668.0,-730.0.jpg",missing_ramp,missing_ramp
"null/HAwlDx92WFI47DXGapbP0gcrop4044.0,-700.0.jpg",null,null
"null/zj4Qzcb5_WrtGLhSdnppqgcrop6674.0,-389.0.jpg",null,null
"missing_ramp/FEgG76AOZQ7JsKfzDjG8OAcrop10905.0,-1248.0.jpg",missing_ramp,missing_ramp
"null/VDpUNV3MN72Kn1khu0GdsAcrop501.0,-30.0.jpg",null,null
"null/oqP7byVfpym5eotQ9U4fdAcrop6941.0,-1689.0.jpg",null,null
"null/_tiBbMs0iLw0zPK0HgOgjgcrop3207.0,-1329.0.jpg",null,null
"obstruction/SaKr-bpdbnxS-MOqoU_d5wcrop750.0,-127.0.jpg",obstruction,obstruction
"null/PLTIkh6YCP3VghN-mCb0bQcrop5016.0,-1546.0.jpg",null,null
"sfc_problem/hSOgWfok3Wy30Lf-xYkYpQcrop4185.0,-949.0.jpg",sfc_problem,sfc_problem
"null/e0k4ZXSqvV3lBGG-zqEBRAcrop12739.0,-333.0.jpg",null,null
"null/gyFuxqdBmrjXpxMkvJLUnAcrop8070.0,-713.0.jpg",null,null
"null/g3I51iAXRxPxXdU3HFYwWwcrop11560.0,-479.0.jpg",null,null
"sfc_problem/BeoDPuf5n6obnHqwpt2Uowcrop2147.0,-628.0.jpg",sfc_problem,null
"null/_NmOTBjudhkULFhLRw8GOQcrop10837.0,-670.0.jpg",null,null
"null/3R87r96ML_uFOu7IC3Y6Vgcrop8894.0,-1088.0.jpg",null,null
"sfc_problem/2AFYKQFH1ZPfLsdM1szQKAcrop1234.0,-464.0.jpg",sfc_problem,sfc_problem
"null/1Iu_gcxNUiVpni8em7PK3wcrop4694.0,-1565.0.jpg",null,null
"null/WfRVD8uI96xdFOuwaum6ngcrop8971.0,-446.0.jpg",null,null
"null/AwqY8tQjTffEAx4cmw_shQcrop8013.0,-1317.0.jpg",null,null
"null/fq_4--GP7pK42KmVQKnuGAcrop7200.0,-553.0.jpg",null,null
"null/l66TUwigcIxaF-z3hbam-wcrop9910.0,-1533.0.jpg",null,null
"null/QOj07LM2sJRztq0zpQgdiAcrop7422.0,-784.0.jpg",null,null
"missing_ramp/jCAimau0IoExc3RWWzR1Cwcrop3232.0,-1470.0.jpg",missing_ramp,missing_ramp
"ramp/ExF0KDgouOiG3OvNCeLinwcrop10554.0,-756.0.jpg",ramp,ramp
"null/tNH4DUVFBqPJQzeTB_TYrwcrop9787.0,-1073.0.jpg",null,null
"ramp/t489Z9CpE9n2CyFxMXnaiwcrop8521.0,-647.0.jpg",ramp,ramp
"sfc_problem/Br6DzMb4z7VHPJoqJv-w5Qcrop2162.0,-540.0.jpg",sfc_problem,sfc_problem
"null/RgBzCZxfTmPn3XJb42EG0gcrop5167.0,-397.0.jpg",null,null
"sfc_problem/wLqtOvq4KZVoLhbwJc-nQgcrop5469.0,-498.0.jpg",sfc_problem,sfc_problem
"null/aZ827kCPzDhKN8nCSzgo5Acrop5037.0,-492.0.jpg",null,sfc_problem
"null/TVZAJVwmzxB6MHOnX9GCYgcrop5050.0,-130.0.jpg",null,null
"ramp/ElKlsmPuAEyNlkkNamP1-Acrop4333.0,-264.0.jpg",ramp,ramp
"ramp/LJKMolMCK94y0JY9-dioXgcrop3809.0,-330.0.jpg",ramp,null
"sfc_problem/3ZqzG78yCvMxWjtsbS4sUAcrop2820.0,-577.0.jpg",sfc_problem,ramp
"ramp/hROnAMt4yBTMOdbzh2TJ_gcrop1065.0,-845.0.jpg",ramp,ramp
"null/yln3lbEDaQNBD4B_nHvFRwcrop415.0,-1181.0.jpg",null,null
"sfc_problem/rmxUPSYWCK_aG4PGZAzbUgcrop5789.0,-371.0.jpg",sfc_problem,sfc_problem
"ramp/rvlZllJazPrPsSjNUxptowcrop6517.0,-581.0.jpg",ramp,ramp
"null/_i0dOjw2KTt4rUbkffuu7Acrop4786.0,-61.0.jpg",null,ramp
"missing_ramp/_wDncZkkWB4VZlPXTiZURwcrop12613.0,-1015.0.jpg",missing_ramp,missing_ramp
"null/ptrNt10ADQs8SFk3M3RZnQcrop10522.0,-1251.0.jpg",null,null
"sfc_problem/yoRjkqbEvGi3DLiMHpPlrQcrop9950.0,-816.0.jpg",sfc_problem,null
"ramp/uaPNb4UuGxXXvQx4sUEf4gcrop1365.0,-808.0.jpg",ramp,ramp
"null/xscW1Uom1Upky-QGqHrwhwcrop5503.0,-1297.0.jpg",null,null
"null/9eFpe2DikIfKiyO-ASA8tQcrop12828.0,-1627.0.jpg",null,null
"null/wgZ25_QKLDhmVEFkPAmBJwcrop12082.0,-737.0.jpg",null,null
"null/g3d6_NgjvauPPtOIFBTABQcrop8075.0,-1381.0.jpg",null,null
"null/Z9sP3iG-1fv5NhfA-wF8wwcrop5254.0,-1113.0.jpg",null,null
"null/rin66HFqEq1A_B9fqR4mHQcrop9389.0,-608.0.jpg",null,ramp
"null/bet_SSt78iYndwAc6tMUdAcrop2190.0,-1293.0.jpg",null,null
"missing_ramp/iXYGtES5ujggzEp38_EJYgcrop12622.0,-631.0.jpg",missing_ramp,missing_ramp
"ramp/bi7xPRN75FT4ew-C_b0cegcrop1601.0,-206.0.jpg",ramp,ramp
"null/bvvIMKzrQ_risKAzWEzzSgcrop10726.0,-1035.0.jpg",null,null
"null/0Ha-NxTs-mgvLlyeEngc4Acrop3486.0,-989.0.jpg",null,null
"null/-TzhiClijh6TJlVTdmEiHgcrop9655.0,-1335.0.jpg",null,null
"null/yqrHSGUuf0fIFocD2CRojQcrop8704.0,-1251.0.jpg",null,ramp
"ramp/fuYW1uGYLzBBwmPI90m_aAcrop6180.0,-445.0.jpg",ramp,ramp
"ramp/ooxSblq1uCR7Wfa1Xyxwvgcrop12063.0,-1275.0.jpg",ramp,null
"sfc_problem/hUw_oAgQ6pw0l-fJitUPwgcrop1497.0,-589.0.jpg",sfc_problem,sfc_problem
"null/hzC3AhfMKcUpeJApBXCGSAcrop9218.0,-591.0.jpg",null,null
"obstruction/RWN9e7SMDeTjVh49KRHFgQcrop3032.0,-954.0.jpg",obstruction,obstruction
"missing_ramp/yVu1RX2Ri4CQa2dpYDoxAAcrop1426.0,-585.0.jpg",missing_ramp,missing_ramp
"obstruction/2WHXMGkpKOqaQ-vcyONPowcrop9860.0,-802.0.jpg",obstruction,null
"null/FJXZlhq1mrA_YcRtffgemAcrop4404.0,-1673.0.jpg",null,null
"null/BMvCjDdQapNk2jq3F3SBPAcrop6164.0,-1016.0.jpg",null,null
"null/cmucC73cw4gRsuMaUi4rrgcrop11509.0,-1612.0.jpg",null,null
"null/agxdwoZN6DoQo4FzgpNENAcrop3022.0,-349.0.jpg",null,null
"missing_ramp/mPtFDGF9SpWa8N_FE4zShAcrop5163.0,-1311.0.jpg",missing_ramp,missing_ramp
"null/kj_DbcwmV3Sp6la6HwH-Ngcrop5604.0,-1405.0.jpg",null,null
"null/8k3qbXd1dtjQHJUa_GUesgcrop4569.0,-232.0.jpg",null,null
"ramp/_zDerr4r6cyvipeYfrVVJQcrop2242.0,-394.0.jpg",ramp,ramp
"ramp/qH-dUJQmb6Gmr9fUFtdHNgcrop4942.0,-236.0.jpg",ramp,null
"ramp/eoB3g7XBLW2_2whMymxBpwcrop5023.0,-460.0.jpg",ramp,missing_ramp
"null/L2MGhHP7LIDfOALLVZls9wcrop10969.0,-1315.0.jpg",null,null
"obstruction/0uBSD94hNzNtxLnIWveJzAcrop10338.0,-284.0.jpg",obstruction,obstruction
"null/ZhyuL-dV9SfdSdC9xUmCSAcrop3541.0,-1008.0.jpg",null,null
"missing_ramp/sOlSWX3ZgB-JME3NupVLowcrop10555.0,-956.0.jpg",missing_ramp,missing_ramp
"null/gi0iq0R0wmls_9C-0arsFwcrop2321.0,-626.0.jpg",null,null
"null/Bb3M8vebACt_xa2-oyndEAcrop12681.0,-1100.0.jpg",null,null
"obstruction/Kuul_8eK8myVHWZ8udge7Qcrop10678.0,-907.0.jpg",obstruction,null
"missing_ramp/uEMzLmZJ2lQ1eQqMErqZNgcrop5379.0,-817.0.jpg",missing_ramp,null
"null/21BeQwwKn5RouLDkBFrvUwcrop11649.0,-1103.0.jpg",null,null
"sfc_problem/N-oeZLAXrRig35-DRg1FPQcrop1889.0,-415.0.jpg",sfc_problem,missing_ramp
"null/lXWSngqpQWv8lebLyNhtwwcrop12161.0,-618.0.jpg",null,null
"missing_ramp/YYphuyoJuOKXQ5SKeDNLZwcrop10465.0,-1160.0.jpg",missing_ramp,missing_ramp
"null/kXBwpQwSaSH3F7fF2oZFcQcrop12353.0,-122.0.jpg",null,obstruction
"ramp/qEcS11Lotca9PQZfpmpvvQcrop11213.0,-492.0.jpg",ramp,ramp
"null/xpZ2jSxOwSAYpXehsVX4EQcrop8373.0,-471.0.jpg",null,null
"null/jh38Z0LaTnZs8oOTAuLA0Acrop3924.0,-240.0.jpg",null,null
"sfc_problem/N0pRKtAhdaS9OD09UlzPSgcrop11732.0,-1067.0.jpg",sfc_problem,null
"sfc_problem/uMzFbm0k0-I2a_xBaugwwAcrop10754.0,-468.0.jpg",sfc_problem,null
"missing_ramp/ENwChk0mv975oT08FxdQGQcrop1974.0,-402.0.jpg",missing_ramp,null
"null/Evs-cluS4i2W1egGd153XAcrop1038.0,-1674.0.jpg",null,ramp
"null/aXx7D65d-hs2kNqT-Ha0xAcrop11218.0,-665.0.jpg",null,ramp
"ramp/SfzSI-tz9J3YyQh88vLhjQcrop4186.0,-1030.0.jpg",ramp,ramp
"ramp/VLnYi6PCtn8Z4h0IkhtNJwcrop3943.0,-352.0.jpg",ramp,ramp
"null/NTxx6KS8hoauz6LyhPNT-gcrop4609.0,-519.0.jpg",null,ramp
"null/4EkzT5gKBxFPyqgJujmPiAcrop10606.0,-89.0.jpg",null,null
"null/hgmHcZ0HUps7_SgF3Wr8rgcrop8867.0,-1151.0.jpg",null,null
"null/fmMub6D899aDUy-lqFWVDAcrop7362.0,-884.0.jpg",null,null
"null/fz5xclCGUL9z1Oy-o3orFAcrop1002.0,-1132.0.jpg",null,null
"missing_ramp/-3U8A-IJ0SPGQd379GCfMAcrop9102.0,-421.0.jpg",missing_ramp,sfc_problem
"sfc_problem/WH5y40fxY27EWWCTk4ZAmQcrop7036.0,-661.0.jpg",sfc_problem,null
"null/tKPNvJGmw46eHvODFhtFbQcrop5390.0,-702.0.jpg",null,null
"obstruction/DBROh6Uo_9kLB3PNucB5ygcrop260.0,-307.0.jpg",obstruction,null
"ramp/WgQ-n1jC6xwIz8PaiZoEbgcrop13057.0,-812.0.jpg",ramp,missing_ramp
"null/u-XuEuZ0Yzf9KsRk5J5GKQcrop10578.0,-1088.0.jpg",null,null
"ramp/wiW8PBT09OyhaBosI5vw6Acrop11019.0,-872.0.jpg",ramp,null
"ramp/rPNYnOgfj-qs3RF1rbqnJgcrop9366.0,-546.0.jpg",ramp,ramp
"missing_ramp/-3U8A-IJ0SPGQd379GCfMAcrop5140.0,-759.0.jpg",missing_ramp,missing_ramp
"null/4Vhpc1crEzi17EKsC0am7wcrop5587.0,-781.0.jpg",null,null
"null/6qp08RIVuPsL0Orn94Nxhgcrop8303.0,-717.0.jpg",null,null
"null/Zb-ceqFFHKgYjqgQUx2ygQcrop9575.0,-633.0.jpg",null,null
"null/AMMYw5xHQ-9Q0Xnh-pdaXQcrop9499.0,-1126.0.jpg",null,null
"null/v48N2PVzJOFxFAGEOCikigcrop5929.0,-1189.0.jpg",null,null
"ramp/LLeBWbklFhPtht8qIO8bIAcrop11597.0,-255.0.jpg",ramp,ramp
"missing_ramp/DGSc4YPw0zfVB3SXv_Fpzwcrop5136.0,-602.0.jpg",missing_ramp,missing_ramp
"null/Q-Ql9rxp4pwTwSGpqE2AgQcrop2383.0,-802.0.jpg",null,null
"sfc_problem/6eIpia_LBYq9eYVZHrrr8Qcrop1092.0,-305.0.jpg",sfc_problem,null
"null/D14LnMRuaiTBi6S_-erXawcrop11443.0,-1049.0.jpg",null,null
"null/m_ieg5SdzQJOq5ktPTd4Vwcrop6177.0,-917.0.jpg",null,null
"missing_ramp/1AnLqcaDKYdIxbwDN3N_Ugcrop3401.0,-520.0.jpg",missing_ramp,missing_ramp
"null/umaM_sBtqwp12QV7sx4mdwcrop4941.0,-723.0.jpg",null,null
"null/f5T7Pi29NMjIZLwx0g-uCAcrop6085.0,-805.0.jpg",null,null
"obstruction/nLiAI75ba114UeX-fWkuDAcrop10537.0,-657.0.jpg",obstruction,null
"missing_ramp/_LJpF73_fkXAftXEGIn21Qcrop8292.0,-623.0.jpg",missing_ramp,null
"sfc_problem/AUppRPrzA-PtPjW8jfJ1lAcrop532.0,-520.0.jpg",sfc_problem,sfc_problem
"null/zmhx4YMjM_dmWjRHAVgFgQcrop8415.0,-1432.0.jpg",null,null
"null/WfRVD8uI96xdFOuwaum6ngcrop1247.0,-614.0.jpg",null,null
"sfc_problem/bet_SSt78iYndwAc6tMUdAcrop8412.0,-353.0.jpg",sfc_problem,sfc_problem
"null/gp_qMztZRvfzZ3kaiHSgjgcrop746.0,-1108.0.jpg",null,null
"sfc_problem/fCtC9i0NHuXWaxJaKQCCnAcrop2825.0,-635.0.jpg",sfc_problem,null
"ramp/_tiBbMs0iLw0zPK0HgOgjgcrop1798.0,-287.0.jpg",ramp,ramp
"null/dmPfpgMh_hvxr-USb_Wemgcrop3610.0,-1217.0.jpg",null,null
"null/GCWDS_FOKv5vA7O4EriXjwcrop11781.0,-718.0.jpg",null,null
"null/TO5jBZFHuSSzK6p1NnXgJQcrop4224.0,-1589.0.jpg",null,null
"missing_ramp/aRBv6J1fZut0D40jKVm0IQcrop3501.0,-730.0.jpg",missing_ramp,missing_ramp
"obstruction/lTP4f1u5PSo-8Odn0FPMPQcrop10343.0,-877.0.jpg",obstruction,null
"ramp/J6ARGHYfaiv1htz_1kqXnAcrop3569.0,-1536.0.jpg",ramp,null
"ramp/DVpEpFcbH5qQOXUXw75Cnwcrop3942.0,-562.0.jpg",ramp,ramp
"ramp/z1kamZOPVAoqtY8bWLpI-wcrop11609.0,-197.0.jpg",ramp,ramp
"missing_ramp/gWL6UI2XAV4uGWZ1dM-YXAcrop9395.0,-651.0.jpg",missing_ramp,missing_ramp
"null/zfG8bl5fFvB9A1p98ARqawcrop10862.0,-66.0.jpg",null,ramp
"null/rtrLHlyqDYGvkvXLZFTVBgcrop6840.0,-1188.0.jpg",null,null
"null/0RQwIs_hWDcazFOEW8igQAcrop8082.0,-938.0.jpg",null,null
"missing_ramp/QmtfhalnBQ7CEsi1nJmm6gcrop1571.0,-863.0.jpg",missing_ramp,null
"null/y3Y2-dz1rtZpCqH0W-Odywcrop8039.0,-914.0.jpg",null,null
"null/tOy882rkHwRTi2BEp0_4AAcrop10110.0,-338.0.jpg",null,ramp
"ramp/pDP_Q4npiarNSR6F0jJp2wcrop1263.0,-517.0.jpg",ramp,ramp
"missing_ramp/xknXWuoxVvX58NGN6sJ2vQcrop361.0,-326.0.jpg",missing_ramp,missing_ramp
"null/DTN__8w8ljcdVDYlDJ9Vogcrop1072.0,-140.0.jpg",null,null
"missing_ramp/cLsCvbkF_94yy0gk1lPiUgcrop2680.0,-385.0.jpg",missing_ramp,missing_ramp
"null/ZLCQTmsBsBshRvUjNT42MAcrop1448.0,-1154.0.jpg",null,null
"null/C0QpbhxOk86WgdiHoYyKpwcrop5705.0,-798.0.jpg",null,null
"missing_ramp/BfrJON5HGchkbREMDGwejAcrop8714.0,-330.0.jpg",missing_ramp,missing_ramp
"missing_ramp/0o5UD2lV47rsCz1NNl2_WQcrop1856.0,-406.0.jpg",missing_ramp,missing_ramp
"null/RTqEVv23UM3L4U50JyR4dgcrop1271.0,-1431.0.jpg",null,null
"null/Us475Cxr5viJbqbGvEkwwgcrop10676.0,-102.0.jpg",null,ramp
"null/i6AkRPg7TwpdBtMXzr5mTAcrop9003.0,-825.0.jpg",null,null
"missing_ramp/MIccnPNgJ54shFbLdROLWQcrop9013.0,-1031.0.jpg",missing_ramp,null
"null/pX8k1JNtPHn6ApSLt0WG-Acrop8901.0,-434.0.jpg",null,null
"ramp/BODwyHjZIZhFRdob1FXdZgcrop3779.0,-743.0.jpg",ramp,ramp
"missing_ramp/uWPAjP8Triep31iGpMjNSwcrop4722.0,-494.0.jpg",missing_ramp,missing_ramp
"null/RRrUUk5b4-UrnTzfyiH_Ngcrop6395.0,-609.0.jpg",null,null
"sfc_problem/IFNOhPDdL1TzZihIu1B0Xwcrop10387.0,-735.0.jpg",sfc_problem,sfc_problem
"null/Kl_kg-OWJvzbIeRgNbUm8gcrop7307.0,-452.0.jpg",null,null
"missing_ramp/jKPGTBV-DOk5OvwDpzNT2wcrop2192.0,-308.0.jpg",missing_ramp,missing_ramp
"null/4CjBXVT4iCCWfww_hb5Lhwcrop10082.0,-1606.0.jpg",null,null
"null/ENwChk0mv975oT08FxdQGQcrop6319.0,-406.0.jpg",null,null
"sfc_problem/h23DpudAUQLh6JtsZcPsegcrop9554.0,-956.0.jpg",sfc_problem,sfc_problem
"ramp/G6Tv23_b8NazUcY5-6uhXAcrop1410.0,-571.0.jpg",ramp,ramp
"null/biCDDWe_m4eLoLs1uc7uFgcrop5606.0,-1317.0.jpg",null,null
"ramp/D5Se4AuiyxHr2ht2CkjnBQcrop9589.0,-1343.0.jpg",ramp,ramp
"null/rHc5fmrF8f1J1NXUuHCHngcrop2437.0,-478.0.jpg",null,null
"null/0f3nU04WKyb78QATmSJsYAcrop7066.0,-1136.0.jpg",null,null
"null/QKlSgTz83zmpiI0-qWaFpgcrop10799.0,-828.0.jpg",null,null
"null/99m6_hma5KmtLLASTx-S2Acrop4481.0,-412.0.jpg",null,sfc_problem
"ramp/GLj_cTMAJEZ_AzeVBl7tRAcrop10555.0,-239.0.jpg",ramp,ramp
"sfc_problem/UllByZTAKraVZUR5AsaTQwcrop2447.0,-494.0.jpg",sfc_problem,ramp
"ramp/DTN__8w8ljcdVDYlDJ9Vogcrop5759.0,-156.0.jpg",ramp,ramp
"null/gYWI1Cwr_8KADWbBQlYkGgcrop8793.0,-1151.0.jpg",null,null
"null/RCqxtaUWiML5JbYtN0uI9Acrop4491.0,-1026.0.jpg",null,null
"null/Gk4ytUPkWVUqAx8zqRWMeQcrop6584.0,-1010.0.jpg",null,null
"ramp/vdc9lhU6dlmlnkIBBQp6Ygcrop2392.0,-571.0.jpg",ramp,ramp
"null/nIonDr59DapyO03CKnTeXAcrop8745.0,-1204.0.jpg",null,null
"null/brmET-k8-7Wc7c6EpWEc1wcrop12602.0,-291.0.jpg",null,obstruction
"null/dXGN2UENaBveqNuIOj6U-gcrop1000.0,-482.0.jpg",null,null
"null/zcQ4wl8yecuyF8fAXvOqcwcrop8982.0,-1101.0.jpg",null,null
"ramp/FNZ6Z8Q58OksB1YXpIKaPAcrop2599.0,-419.0.jpg",ramp,ramp
"null/lP6YZRe_HkEL9qwSSR2c3Qcrop1139.0,-173.0.jpg",null,null
"ramp/6WbY_F4cHQF3KGel39vcQwcrop6587.0,-948.0.jpg",ramp,ramp
"obstruction/23DMSvp74A0XwLTNhFx5cgcrop10494.0,-714.0.jpg",obstruction,obstruction
"ramp/GjqtsBbRZzi_3Xo6nPLGgwcrop10204.0,-703.0.jpg",ramp,ramp
"sfc_problem/FFz_0Om66ONsh4lFBLavjwcrop1621.0,-369.0.jpg",sfc_problem,sfc_problem
"obstruction/Fg6FbFdVhG8ix_rve9LulQcrop10479.0,-815.0.jpg",obstruction,obstruction
"missing_ramp/cmucC73cw4gRsuMaUi4rrgcrop4271.0,-463.0.jpg",missing_ramp,null
"ramp/UVKhA0XoD67RnQuvpADi_Acrop11831.0,-1205.0.jpg",ramp,null
"missing_ramp/oXZtN5tp2JZtVtf42vgGhQcrop6189.0,-737.0.jpg",missing_ramp,null
"null/HLYJkFFNtrd4tpcejy5clgcrop2003.0,-1182.0.jpg",null,null
"missing_ramp/DqlmZs-819ulAEiy7TgRgwcrop11847.0,-737.0.jpg",missing_ramp,missing_ramp
"ramp/lmAq5AZnqEA9d7ESJAYp0Acrop3154.0,-694.0.jpg",ramp,missing_ramp
"null/2IfPrJqBe_ckG_Bu8kAZOAcrop11033.0,-1396.0.jpg",null,null
"null/_KcJgBCSqekaaYsc5FgtCgcrop10495.0,-1158.0.jpg",null,null
"null/DjVwspav0_sOJ71oPzJEnAcrop8427.0,-478.0.jpg",null,sfc_problem
"ramp/JUAQpBkW3qZsOcXzKwbKAwcrop7072.0,-291.0.jpg",ramp,ramp
"sfc_problem/54DIrSlG1OzHPtOVgNgQwwcrop3443.0,-435.0.jpg",sfc_problem,null
"obstruction/MqOcd67eW4Tgmcq9o3gRtwcrop6013.0,-330.0.jpg",obstruction,null
"null/3ZqzG78yCvMxWjtsbS4sUAcrop566.0,-160.0.jpg",null,missing_ramp
"ramp/GGUDwj5dzUR8_SRL4Hr3Ggcrop5416.0,-576.0.jpg",ramp,ramp
"sfc_problem/nDi47xXKVTQ8Sv6vPhGllwcrop4229.0,-488.0.jpg",sfc_problem,null
"null/RT_mUsAu0XbQzZ5Pbf7BkAcrop7581.0,-1462.0.jpg",null,null
"null/6WBwe1t_-_H7jE0cWlg4bwcrop9293.0,-1697.0.jpg",null,null
"null/z4lRhgXvJVvaXTHh8PRzUQcrop6893.0,-344.0.jpg",null,null
"null/DlXmewUcZf8HRGbAyJWpWgcrop1590.0,-130.0.jpg",null,null
"null/22eSqmXh8urszibqJkvoPgcrop1512.0,-1629.0.jpg",null,null
"null/-a2TKWAhCuAlyybiL6KBBgcrop3377.0,-1210.0.jpg",null,null
"null/3vx8IFgvdRqa4Zw3eYeGSAcrop2634.0,-1333.0.jpg",null,null
"null/fBDfuYTRyGMXT6cgJOdSwwcrop4613.0,-925.0.jpg",null,null
"null/gF93vTTG1Fci1LM2ECGSaAcrop3945.0,-1669.0.jpg",null,null
"null/rcIYDm-POXMqPkA8Wg5sWwcrop2209.0,-1431.0.jpg",null,null
"null/sQiJg23IlFrqHjHNCv2tVQcrop8604.0,-1513.0.jpg",null,null
"null/4gFOzWsV3MUrP76VeUzjkwcrop2246.0,-815.0.jpg",null,null
"null/nt2g0D3E5ZNn-JBVkrT58Qcrop7081.0,-1535.0.jpg",null,null
"sfc_problem/yt6KitTEDAm1JeRSKX0LzAcrop13270.0,-638.0.jpg",sfc_problem,sfc_problem
"ramp/dd3XXVb8eaIf5FcUAMqySgcrop3508.0,-368.0.jpg",ramp,null
"sfc_problem/xjFbY9o7maOIw6WWqGPb3gcrop4835.0,-561.0.jpg",sfc_problem,sfc_problem
"null/wvAZbctC3NAH2ZnK2Y66OQcrop7368.0,-354.0.jpg",null,missing_ramp
"null/ys4wJ7lkQzSPqXcrha3C7Acrop10395.0,-1495.0.jpg",null,null
"null/3XcbtAN9IDyoKfRkYR9M1gcrop9179.0,-1423.0.jpg",null,null
"null/u0sLvrwa6G15VhTaZBGzGAcrop11171.0,-1235.0.jpg",null,null
"sfc_problem/xqSBfoABGMynOhaT3pHAfwcrop4020.0,-458.0.jpg",sfc_problem,sfc_problem
"sfc_problem/7Ih11xKMxBPL_Fun8RsYggcrop9251.0,-428.0.jpg",sfc_problem,null
"obstruction/7YiyTzFbvNivLvYXAuu88Qcrop3852.0,-693.0.jpg",obstruction,obstruction
"null/h8R91kfrnMCBT1B9AVcFrAcrop10118.0,-1685.0.jpg",null,null
"sfc_problem/xbO7qv3R2UFaP5NpApaIYQcrop5335.0,-601.0.jpg",sfc_problem,null
"null/D36lEwAyU5GtR8dHXkbkpAcrop10252.0,-194.0.jpg",null,null
"ramp/DF4VBwDNJeFEg80MG6WL-Acrop8869.0,-703.0.jpg",ramp,ramp
"null/CQjksIgFfyU7aQdvuJOn8Acrop3937.0,-782.0.jpg",null,null
"ramp/gl4LGlEG5_r_888i5Msc2wcrop5164.0,-909.0.jpg",ramp,ramp
"missing_ramp/X_WzsiwFSQ6diE3jULRzggcrop1098.0,-484.0.jpg",missing_ramp,missing_ramp
"missing_ramp/DPSxi8qNMl3PH9XEZuDpfQcrop10483.0,-288.0.jpg",missing_ramp,missing_ramp
"ramp/V4frck1d1QI4WkQyij3xuAcrop9875.0,-1147.0.jpg",ramp,null
"sfc_problem/ivXqX4ANHVdLkETFyVglYwcrop2508.0,-643.0.jpg",sfc_problem,sfc_problem
"missing_ramp/LVbKACFUqHL0i5ALf0P41Qcrop1909.0,-1664.0.jpg",missing_ramp,missing_ramp
"null/PEcE_dbIKChA-6-q2mRXQwcrop10349.0,-1612.0.jpg",null,null
"null/ROzxEcuCO0PK4qfTc7-ATAcrop9533.0,-1498.0.jpg",null,null
"missing_ramp/8lTGiEnPJx4wVxdK0mxCPgcrop8109.0,-534.0.jpg",missing_ramp,missing_ramp
"ramp/92ZZ-oToFsK3Zq25TIkzpwcrop9319.0,-958.0.jpg",ramp,ramp
"null/CZQCr7obCxQrF_ToLwImEgcrop12474.0,-1532.0.jpg",null,null
"null/C1tpNsu1e9mDb7MtLpCQEAcrop5813.0,-758.0.jpg",null,null
"sfc_problem/P4iuLHSGR9E2Ktj5C65yjwcrop3915.0,-713.0.jpg",sfc_problem,null
"null/3a7I7ukC38fiGu0A622bvQcrop9101.0,-478.0.jpg",null,null
"null/KWLx7hTbtK4xGM97xPSvxQcrop3378.0,-724.0.jpg",null,sfc_problem
"null/O6yOEt8O9qU-vh7ZtBxMTgcrop5105.0,-1463.0.jpg",null,null
"missing_ramp/U-aA9ZXvFpX_IZLwNb-VRQcrop2047.0,-807.0.jpg",missing_ramp,missing_ramp
"null/ZsrxldCQ9_zo4wF_flcqDQcrop4535.0,-365.0.jpg",null,null
"obstruction/N2r0yMQ8zb_bEijw87R-1gcrop1935.0,-687.0.jpg",obstruction,obstruction
"null/14xsLkfYNZFNILRGlbCjEAcrop12472.0,-1285.0.jpg",null,null
"obstruction/HWeJ3wwmOrFlWSbneqefhgcrop4917.0,-748.0.jpg",obstruction,null
"ramp/RoOyujZ_v9GlaDgmKdclvwcrop12369.0,-1526.0.jpg",ramp,ramp
"missing_ramp/3SXZwSRz4gnS-JjxNVSp7Qcrop2654.0,-186.0.jpg",missing_ramp,missing_ramp
"missing_ramp/2u2bu486JRAt5O7MRS4lbAcrop9741.0,-208.0.jpg",missing_ramp,missing_ramp
"null/Br8hlPhddcuKr4TNVf7UOAcrop6946.0,-381.0.jpg",null,null
"null/IT2dfDwuT3ILynWGk5l2mQcrop12780.0,-1335.0.jpg",null,null
"null/1ra26Y1B3BEYLYk4HpzdVAcrop9822.0,-31.0.jpg",null,null
"null/UKcqSwaDy1wUEvMnJAOaggcrop2731.0,-1568.0.jpg",null,null
"missing_ramp/fuYW1uGYLzBBwmPI90m_aAcrop1471.0,-1503.0.jpg",missing_ramp,missing_ramp
"obstruction/7Y3UweyyZqDYGrFaXYUyUAcrop6474.0,-1402.0.jpg",obstruction,null
"null/fkWHwIUoFmgSkhaoLnuIfQcrop12156.0,-745.0.jpg",null,null
"null/e-IyX4KXrmU_l5582FckLAcrop7088.0,-1388.0.jpg",null,null
"ramp/NPqVozseZb5f6rraUxoVnAcrop21.0,-793.0.jpg",ramp,null
"sfc_problem/5IaEkW34o-i399uK2Lr_eQcrop3026.0,-881.0.jpg",sfc_problem,sfc_problem
"null/RBf5L5dGm51jY2_Z_chmZgcrop4286.0,-1550.0.jpg",null,null
"null/uYDfbkk87gcRRru7MLBxcwcrop2816.0,-1223.0.jpg",null,null
"ramp/7LNl50ku5osLMTIJOLVdGgcrop1139.0,-362.0.jpg",ramp,null
"sfc_problem/TAXvIxk32jZs4m7rDQB6swcrop6114.0,-126.0.jpg",sfc_problem,ramp
"null/rtrLHlyqDYGvkvXLZFTVBgcrop3000.0,-1004.0.jpg",null,null
"null/s0KBF-NTJWfWRypEZmihFwcrop4632.0,-1349.0.jpg",null,null
"null/RzaKd9b0PafelNebCgkueQcrop8354.0,-122.0.jpg",null,null
"missing_ramp/Xow2SUvv_R_QOrmLd3mlzAcrop998.0,-374.0.jpg",missing_ramp,missing_ramp
"ramp/53PJ9NuERcvfRvPwoRIkUQcrop9166.0,-433.0.jpg",ramp,null
"null/_EVCyUG0S4vRrAWeeqr3TAcrop11484.0,-135.0.jpg",null,null
"missing_ramp/6I7oQ_2ZoQq-EM1KBnbTLgcrop5788.0,-518.0.jpg",missing_ramp,missing_ramp
"null/tRS_xrOXOICbAw6dm88l6wcrop8200.0,-1067.0.jpg",null,null
"null/iMsznptW8gKa-E-h2aMIfQcrop5183.0,-1214.0.jpg",null,null
"null/0B9wIwkxqRH0Ji_LGefdugcrop4447.0,-283.0.jpg",null,null
"sfc_problem/iB1SPdZsBWxEpqy8nENmBgcrop11322.0,-487.0.jpg",sfc_problem,null
"missing_ramp/QRIUoS5SzDsluVICN3xF-wcrop4151.0,-587.0.jpg",missing_ramp,missing_ramp
"null/b8uMSrUFLW_ZOlvDrmXCdwcrop3646.0,-411.0.jpg",null,null
"null/mZpNcD6ezk71QYDtDTVA_wcrop457.0,-311.0.jpg",null,null
"null/md8PvNjMGRPwmRfD8dA-aQcrop2326.0,-989.0.jpg",null,null
"missing_ramp/gUsO8EE10BSA5qZYbjBYlQcrop10538.0,-168.0.jpg",missing_ramp,null
"ramp/BHAHQjPuq8Ah-Chb3JlTEwcrop7667.0,-436.0.jpg",ramp,ramp
"null/9QxGWLzV3Yji5eLTpFM8bwcrop6222.0,-863.0.jpg",null,null
"null/rvk9M7tHUjxUuIdcgdMJRAcrop2546.0,-635.0.jpg",null,null
"null/rEHkZ56Agfta5DyuMlwqDQcrop11459.0,-1118.0.jpg",null,null
"null/IFNOhPDdL1TzZihIu1B0Xwcrop7994.0,-894.0.jpg",null,null
"obstruction/b_oAXeqgQXNskG-vg5PiVQcrop5133.0,-190.0.jpg",obstruction,null
"missing_ramp/dd3XXVb8eaIf5FcUAMqySgcrop3852.0,-378.0.jpg",missing_ramp,null
"null/umaM_sBtqwp12QV7sx4mdwcrop12046.0,-716.0.jpg",null,null
"null/Yl06gw6MRhveV5I45oQhGwcrop11174.0,-216.0.jpg",null,obstruction
"obstruction/z4lRhgXvJVvaXTHh8PRzUQcrop8348.0,-335.0.jpg",obstruction,obstruction
"null/Nt_sHoomij6gMstQp4VV0Qcrop6785.0,-85.0.jpg",null,ramp
"null/9rdv90DjrqgF4JTmYcIYkAcrop5994.0,-1380.0.jpg",null,null
"null/bvvIMKzrQ_risKAzWEzzSgcrop12472.0,-182.0.jpg",null,null
"null/UllByZTAKraVZUR5AsaTQwcrop12060.0,-226.0.jpg",null,ramp
"missing_ramp/ptrNt10ADQs8SFk3M3RZnQcrop8528.0,-420.0.jpg",missing_ramp,missing_ramp
"missing_ramp/c35T8ITzC95E4D1R2x43gAcrop12842.0,-904.0.jpg",missing_ramp,missing_ramp
"null/1r8tjZYWkaZLqCr7E9UrCgcrop8750.0,-577.0.jpg",null,null
"missing_ramp/w-Grxo743ZgNMnSEsoyw1wcrop7871.0,-336.0.jpg",missing_ramp,missing_ramp
"null/INA2aePRLCN5ZJDsJjWuIQcrop12208.0,-1203.0.jpg",null,null
"ramp/4QIgS6qWNhXPQEmcwhRKRgcrop11035.0,-945.0.jpg",ramp,ramp
"ramp/rcIYDm-POXMqPkA8Wg5sWwcrop3173.0,-490.0.jpg",ramp,ramp
"null/hSaydddWmJSsxHfbjf5a5wcrop4591.0,-606.0.jpg",null,sfc_problem
"ramp/blj62MGuieFvcKsFT2xTwAcrop5318.0,-316.0.jpg",ramp,null
"missing_ramp/6rTcCbYSvVNd33YXJqbnFgcrop2210.0,-598.0.jpg",missing_ramp,ramp
"ramp/eabbtcVWZGnDTCTNbc4duAcrop5369.0,-407.0.jpg",ramp,null
"null/MJLoIKgihJxTHJLS2SDFngcrop8590.0,-1422.0.jpg",null,null
"null/VRsu834xhdPm_1iFPbqIwgcrop10990.0,-584.0.jpg",null,null
"null/3s2RDE-PU-LsC4kDRCeYDgcrop5607.0,-597.0.jpg",null,null
"ramp/FBkGh38zZYhyGUUJPnpZcQcrop12559.0,-1804.0.jpg",ramp,null
"sfc_problem/oqP7byVfpym5eotQ9U4fdAcrop1662.0,-444.0.jpg",sfc_problem,sfc_problem
"ramp/DYwtLrHgz6X59HY2Png8aAcrop3350.0,-1557.0.jpg",ramp,ramp
"sfc_problem/wC-VbdPyQaCXreKFQynePQcrop11256.0,-487.0.jpg",sfc_problem,sfc_problem
"null/hsK9yVQXdq0OiV0HghX59Qcrop5976.0,-1622.0.jpg",null,null
"null/yVu1RX2Ri4CQa2dpYDoxAAcrop551.0,-1032.0.jpg",null,null
"obstruction/lN36mH7jt-ksHznZyegv_gcrop1129.0,-403.0.jpg",obstruction,obstruction
"sfc_problem/R6cNkGxKbE8lgfRyF-Gwegcrop2080.0,-398.0.jpg",sfc_problem,null
"null/fuYW1uGYLzBBwmPI90m_aAcrop4525.0,-1368.0.jpg",null,null
"null/hAxtxdWPGCpd-tB5KnFhIAcrop11727.0,-1239.0.jpg",null,null
"sfc_problem/A-eM226LYCgGNB1WLubj8Qcrop13015.0,-271.0.jpg",sfc_problem,obstruction
"obstruction/hROnAMt4yBTMOdbzh2TJ_gcrop12695.0,-1222.0.jpg",obstruction,null
"ramp/I4459AMaWQASr7J9qIkNEgcrop6935.0,-1076.0.jpg",ramp,ramp
"null/qtTFxFfvY8amf3UiWndLhwcrop11850.0,-772.0.jpg",null,null
"missing_ramp/35KTLsAi1gp0AOTEITvKggcrop1973.0,-465.0.jpg",missing_ramp,ramp
"ramp/IUjuaDbNXAbMshKC7s9WYQcrop8651.0,-580.0.jpg",ramp,ramp
"null/7wNqOVKuDt4h6sFedMXJKgcrop2873.0,-1093.0.jpg",null,null
"ramp/N7XP_itKYSRPtDObOgrBVgcrop7600.0,-1483.0.jpg",ramp,null
"ramp/4AmSAIA-Er5A9TB4Dwww5Acrop7786.0,-455.0.jpg",ramp,ramp
"null/XktqBHkziSrVm64uLo24mwcrop4685.0,-1055.0.jpg",null,null
"ramp/JwjFKZjFxAbeifrEgWFb1wcrop12701.0,-966.0.jpg",ramp,ramp
"null/mDOVyTABpo0Mufmh6yoLdAcrop12307.0,-548.0.jpg",null,null
"obstruction/nOD_DRhUM2Z56TIo7R476gcrop5115.0,-510.0.jpg",obstruction,null
"null/ytKx1ypO9LO1nKPI5N59MAcrop1315.0,-655.0.jpg",null,null
"missing_ramp/kBgbO5tWLQ4Sk4dh9r2Cqgcrop5060.0,-547.0.jpg",missing_ramp,missing_ramp
"ramp/0xnRUDaaVW8lOFdM1ah3mgcrop5497.0,-1057.0.jpg",ramp,ramp
"obstruction/TQzpCpLHHFpAQB18a5rn7Qcrop9035.0,-629.0.jpg",obstruction,obstruction
"null/3aC7CzZpySQVwIyEE58gNgcrop9418.0,-1419.0.jpg",null,null
"null/S5yCoESMKls_iaNsCbT9kwcrop6023.0,-723.0.jpg",null,null
"null/VNXsMDKtdyuT1187K8Ibagcrop683.0,-532.0.jpg",null,null
"missing_ramp/cmucC73cw4gRsuMaUi4rrgcrop4205.0,-1020.0.jpg",missing_ramp,missing_ramp
"null/mADzhX_EbNX-almFPPDqZQcrop752.0,-736.0.jpg",null,null
"ramp/xO4rABS5mghwNrTbLlxBQgcrop3822.0,-416.0.jpg",ramp,obstruction
"null/_NmOTBjudhkULFhLRw8GOQcrop2750.0,-876.0.jpg",null,null
"null/6KuTh0p2_YHY31G8PyOrHQcrop985.0,-608.0.jpg",null,null
"null/9nhsLqBIpDDkl4V9QCL20gcrop11347.0,-338.0.jpg",null,obstruction
"null/tlptxilM94dMV98GWBab3Acrop5400.0,-1406.0.jpg",null,null
"null/epqr1AwVb7lprgO4BlsyXAcrop6979.0,-287.0.jpg",null,null
"null/TVhM_RuZpFN7Sa49zdUPjgcrop4827.0,-1537.0.jpg",null,null
"null/qRG8EL1xS8R50tAsc1v1uwcrop10858.0,-1145.0.jpg",null,null
"missing_ramp/KfDemhhb5ZW425lspYnvWgcrop8238.0,-402.0.jpg",missing_ramp,missing_ramp
"sfc_problem/8j1Fwc7TS_VCmvRXfUlA9gcrop3115.0,-509.0.jpg",sfc_problem,sfc_problem
"null/v8i-o93YGjwTlItnU0Sqzgcrop12116.0,-120.0.jpg",null,null
"null/Fj5zjc-3Dng5_-u3HTKknwcrop6968.0,-1188.0.jpg",null,null
"missing_ramp/KORdK8IHxvYAZfm74oaJcwcrop3155.0,-537.0.jpg",missing_ramp,ramp
"ramp/NI7ma7FS4jHOC_zqpiE1hgcrop4176.0,-143.0.jpg",ramp,ramp
"sfc_problem/LS91ycVlF2TFdJYwzJJfAQcrop7387.0,-544.0.jpg",sfc_problem,null
"missing_ramp/0o5UD2lV47rsCz1NNl2_WQcrop12803.0,-418.0.jpg",missing_ramp,missing_ramp
"missing_ramp/64_e_377vLSzVZbsFr6jeQcrop8912.0,-333.0.jpg",missing_ramp,missing_ramp
"ramp/Vyy9fUxkiJSxcJElurKAHAcrop1150.0,-380.0.jpg",ramp,null
"obstruction/spXdjyEGl9RhqCKEBoZOWAcrop3669.0,-750.0.jpg",obstruction,sfc_problem
"null/brG9L6yvtPFMcvyrUwVikwcrop5833.0,-534.0.jpg",null,null
"sfc_problem/hDnmhdxjioVmAw7opmGksQcrop5773.0,-321.0.jpg",sfc_problem,null
"null/WhC-d8nYuqqPJRAILT5IAAcrop2040.0,-948.0.jpg",null,null
"null/WZwn7Y4tJz6aTLmI1hAtwgcrop4489.0,-1540.0.jpg",null,null
"null/xsW7_8xUXy6FiFJkJUVMAgcrop11641.0,-374.0.jpg",null,sfc_problem
"obstruction/RFCzGszut2Gi0vOKKtj-HAcrop8123.0,-643.0.jpg",obstruction,sfc_problem
"null/F-6b8FBDGwLu2JxCGig_RAcrop4180.0,-1153.0.jpg",null,null
"null/2zMHlmqFF6V2SHqueb1fZAcrop7793.0,-378.0.jpg",null,obstruction
"ramp/a1joLKyaXgT0BU9Ih_8tQgcrop10084.0,-407.0.jpg",ramp,null
"null/MukIeCxB5Vp84Z7spLn71gcrop12169.0,-1505.0.jpg",null,null
"null/qH-dUJQmb6Gmr9fUFtdHNgcrop6606.0,-1049.0.jpg",null,sfc_problem
"missing_ramp/_qIo-IoLMYyKwzjbgdUWrQcrop4415.0,-632.0.jpg",missing_ramp,missing_ramp
"ramp/NIWntsyfk5i8XKhKmW26xwcrop9235.0,-727.0.jpg",ramp,ramp
"ramp/gp_qMztZRvfzZ3kaiHSgjgcrop8620.0,-591.0.jpg",ramp,ramp
"null/LIECuDE8B1XT6NvM9nAZxwcrop10709.0,-249.0.jpg",null,null
"null/IDK2FSohMTpmeS9UBJXNMwcrop807.0,-596.0.jpg",null,null
"null/XiM17QdGlGJMQg3rJ0bdNwcrop1653.0,-1476.0.jpg",null,null
"obstruction/5vi-c4ck3df_Nj5jI64SNQcrop5111.0,-561.0.jpg",obstruction,obstruction
"sfc_problem/_2yrNe45m3aTLiwkO1ZbHgcrop12073.0,-1498.0.jpg",sfc_problem,null
"missing_ramp/vf8wpCXGilzNOCaz8-azMgcrop5899.0,-1051.0.jpg",missing_ramp,missing_ramp
"ramp/5WhjQIK9A_y7nUrxDHi71gcrop3789.0,-639.0.jpg",ramp,ramp
"null/23DMSvp74A0XwLTNhFx5cgcrop11350.0,-1076.0.jpg",null,null
"null/_DXSEcPlVZg1BcAcYExtmAcrop12945.0,-762.0.jpg",null,null
"null/oBM60NK2LVfG5yBpNTuc5wcrop2715.0,-603.0.jpg",null,null
"null/pIhtvkLnXk3zNqrE3xsJlAcrop12269.0,-687.0.jpg",null,null
"null/1yMlS8aOFkyuUNk-mqVpQgcrop10293.0,-567.0.jpg",null,null
"null/xl_gqWnjajhYmoou2nrudAcrop8109.0,-1276.0.jpg",null,null
"ramp/nDCnmCi5MmC8RD3W4K6QOgcrop2120.0,-1144.0.jpg",ramp,ramp
"obstruction/9LmT0zyoYDNw9cjL36cf6wcrop833.0,-535.0.jpg",obstruction,sfc_problem
"null/Iu9AWwMznqSuYwOQHWpHEAcrop11947.0,-1242.0.jpg",null,null
"null/1rkVRLplYuxZ6D3o9KyP4gcrop10946.0,-1220.0.jpg",null,null
"null/q7m-bkWfeWaobed8AuSM-gcrop8561.0,-967.0.jpg",null,null
"missing_ramp/oI6d5aiNxUk-aEHfVT2XlQcrop4511.0,-518.0.jpg",missing_ramp,missing_ramp
"sfc_problem/V2D-6Z33iKKX3dTzVklq5Acrop5560.0,-461.0.jpg",sfc_problem,missing_ramp
"ramp/YA0PXYFdpLl93NCVBvJd0wcrop6634.0,-419.0.jpg",ramp,ramp
"null/MFGP7Rjceict7K2yxFTnYAcrop1292.0,-1460.0.jpg",null,null
"null/kNrbyodbq_6N9iec2MbmOwcrop4452.0,-1677.0.jpg",null,null
"null/y8WQzmFrCAHI9JG-VdRM-Acrop302.0,-1624.0.jpg",null,null
"missing_ramp/3zcrhqVZmXigArxxbhf3Xgcrop11984.0,-514.0.jpg",missing_ramp,missing_ramp
"obstruction/Q18ECcAk8HQ1MMOrIsrF1Qcrop11192.0,-901.0.jpg",obstruction,null
"ramp/w5ML_7CsydOXkHaYsUBHawcrop9104.0,-352.0.jpg",ramp,ramp
"null/35Zi9shDKBgY-w79hCSlWQcrop9829.0,-300.0.jpg",null,null
"null/4Vhpc1crEzi17EKsC0am7wcrop8888.0,-268.0.jpg",null,null
"null/Anx8hI7TeJ72umn3bqGF8wcrop12424.0,-464.0.jpg",null,null
"obstruction/lViZCYz3q4IvXT1LOKBpKQcrop3965.0,-734.0.jpg",obstruction,ramp
"obstruction/b_oAXeqgQXNskG-vg5PiVQcrop11176.0,-255.0.jpg",obstruction,null
"ramp/Vyy9fUxkiJSxcJElurKAHAcrop5864.0,-498.0.jpg",ramp,missing_ramp
"null/oAfObst8-OwFlUaV1Ca8kQcrop9466.0,-1241.0.jpg",null,null
"null/TAXvIxk32jZs4m7rDQB6swcrop2105.0,-207.0.jpg",null,null
"obstruction/U8kYn6UaTPpDJEAAfH6S6gcrop543.0,-293.0.jpg",obstruction,null
"null/VlSaYYX6c0isNQaQW3GvRAcrop5157.0,-303.0.jpg",null,null
"null/ow67wWEDj2aCf-gGZlWoPgcrop8679.0,-1669.0.jpg",null,null
"sfc_problem/RoOyujZ_v9GlaDgmKdclvwcrop7269.0,-500.0.jpg",sfc_problem,ramp
"null/S0XOCPK0gnlBVH51IRNh6wcrop5914.0,-723.0.jpg",null,null
"ramp/VFCm87uDgQGl_dGyUwniWAcrop952.0,-498.0.jpg",ramp,ramp
"null/QxbzMVZ-YYo_voWhEwVV6Acrop6392.0,-1175.0.jpg",null,null
"ramp/DF4VBwDNJeFEg80MG6WL-Acrop9855.0,-566.0.jpg",ramp,ramp
"null/cCrayTbMqZM40aLipINa4gcrop10931.0,-49.0.jpg",null,obstruction
"null/BGO76OfaoW-hvkHw10nUXAcrop5768.0,-328.0.jpg",null,null
"missing_ramp/ikla97s4t-A2Du3H77IVCAcrop1025.0,-349.0.jpg",missing_ramp,null
"null/ZU7DG-hNFQzV1G3zB23GCwcrop10540.0,-286.0.jpg",null,null
"null/eJWBubttfOJG-bGhZ7OiFgcrop6328.0,-236.0.jpg",null,null
"null/SzUNzkpyoigCgXD0knFj7Qcrop1375.0,-1236.0.jpg",null,null
"null/hsK9yVQXdq0OiV0HghX59Qcrop2178.0,-1017.0.jpg",null,null
"missing_ramp/_ThcAfjL-9PVTI2IGWcIkgcrop11731.0,-663.0.jpg",missing_ramp,missing_ramp
"missing_ramp/3zcrhqVZmXigArxxbhf3Xgcrop5643.0,-672.0.jpg",missing_ramp,null
"missing_ramp/V67Nf7PIpKcBCiF0WyaVPQcrop902.0,-584.0.jpg",missing_ramp,missing_ramp
"null/0q9uywvh7qyTkvTftjExtgcrop11401.0,-987.0.jpg",null,null
"missing_ramp/AIVAi_KMh3t7886p_QOp4wcrop9723.0,-781.0.jpg",missing_ramp,missing_ramp
"ramp/VNXsMDKtdyuT1187K8Ibagcrop7163.0,-633.0.jpg",ramp,ramp
"null/2BcncBnwUvviwVbBqMVaVQcrop10516.0,-1229.0.jpg",null,null
"null/Kuul_8eK8myVHWZ8udge7Qcrop6546.0,-1259.0.jpg",null,null
"missing_ramp/Ebfc5SEgnQhFobNGWu6PWgcrop11472.0,-662.0.jpg",missing_ramp,missing_ramp
"sfc_problem/7gnp9nL29Rv1TaVxsIx7kgcrop6943.0,-736.0.jpg",sfc_problem,sfc_problem
"ramp/RTqEVv23UM3L4U50JyR4dgcrop10338.0,-885.0.jpg",ramp,ramp
"null/DF4VBwDNJeFEg80MG6WL-Acrop1838.0,-1027.0.jpg",null,null
"sfc_problem/iDKCCt7fhqQXifF0I9vdPwcrop12263.0,-600.0.jpg",sfc_problem,null
"null/eAuPAxb6zXkQXbdaMvcWyQcrop12169.0,-7.0.jpg",null,null
"ramp/e2igEVzzOCT_3c4Y0HdtJwcrop2649.0,-1639.0.jpg",ramp,ramp
"obstruction/w6aXJheSaQAADBk6L6JjWwcrop1218.0,-441.0.jpg",obstruction,obstruction
"missing_ramp/gp_qMztZRvfzZ3kaiHSgjgcrop11885.0,-407.0.jpg",missing_ramp,missing_ramp
"ramp/VyRl3xkoKCvXV-A9KKsQfAcrop5334.0,-280.0.jpg",ramp,ramp
"ramp/3zcrhqVZmXigArxxbhf3Xgcrop1891.0,-627.0.jpg",ramp,ramp
"null/BmRRO6lJnw1C3STVE8q6-wcrop12838.0,-879.0.jpg",null,null
"null/C9i_EmlEX7tCANTQLpammQcrop10319.0,-1564.0.jpg",null,null
"null/spXdjyEGl9RhqCKEBoZOWAcrop9972.0,-1538.0.jpg",null,null
"null/9LmT0zyoYDNw9cjL36cf6wcrop4494.0,-831.0.jpg",null,missing_ramp
"missing_ramp/harr10Xm1B_Zuh0B3jfCDgcrop12261.0,-292.0.jpg",missing_ramp,missing_ramp
"ramp/BmRRO6lJnw1C3STVE8q6-wcrop712.0,-327.0.jpg",ramp,ramp
"null/D-H8r1LH3RCNyW5jTEXqvQcrop5607.0,-1624.0.jpg",null,null
"sfc_problem/GUHLeza3_msRdKpZNbPIIQcrop3858.0,-675.0.jpg",sfc_problem,sfc_problem
"null/PzKLPRWBFuASHjalf9__Swcrop3629.0,-257.0.jpg",null,missing_ramp
"ramp/yPll0q6iP7uJ9hOfR3izJgcrop1310.0,-689.0.jpg",ramp,ramp
"null/qRG8EL1xS8R50tAsc1v1uwcrop8089.0,-1534.0.jpg",null,null
"missing_ramp/LVbKACFUqHL0i5ALf0P41Qcrop10554.0,-510.0.jpg",missing_ramp,missing_ramp
"missing_ramp/akQcEK2ux1btOd5uT_JJfAcrop11231.0,-1844.0.jpg",missing_ramp,missing_ramp
"null/N5EM7XpRtIGlYqDYfJjhMQcrop9251.0,-1573.0.jpg",null,null
"null/_8UwbBJTxn9qa-4B6zDZuAcrop11712.0,-1118.0.jpg",null,null
"null/M61GfUErzbqio-Qu91SfFwcrop1242.0,-191.0.jpg",null,ramp
"null/dN3ernQomw4sv7l_ch8xxAcrop3819.0,-656.0.jpg",null,ramp
"sfc_problem/ji7Xg2--4nVVGkjgkKUXYQcrop10464.0,-535.0.jpg",sfc_problem,ramp
"null/X_WzsiwFSQ6diE3jULRzggcrop10607.0,-1580.0.jpg",null,null
"null/1eePVoxBHty00iRN3_k72gcrop5311.0,-449.0.jpg",null,obstruction
"ramp/adncGCyUWm5LJlS4P-o8mAcrop1142.0,-281.0.jpg",ramp,obstruction
"null/ZOnhx4CKT_8HuCDg7PldCgcrop2761.0,-451.0.jpg",null,null
"null/ufXR0kSjdexJFlWFkNPXOwcrop3063.0,-430.0.jpg",null,null
"null/4rj8R4UKWQbcqz9DSd6BgAcrop1137.0,-862.0.jpg",null,null
"null/SIqK6dywBc3nChGBSAN8agcrop10254.0,-418.0.jpg",null,null
"null/T0YUnQQ99NaZWsSb4I1tFgcrop7085.0,-952.0.jpg",null,null
"null/8mKjzRrEK8v8rQG-rNJbFAcrop5736.0,-1452.0.jpg",null,null
"null/e7nGLhajAvNvxlYgFrOsoQcrop12873.0,-1629.0.jpg",null,null
"obstruction/pn4K6uKsurl7qs5Dx8eUaAcrop3750.0,-281.0.jpg",obstruction,null
"null/AUppRPrzA-PtPjW8jfJ1lAcrop8806.0,-69.0.jpg",null,null
"missing_ramp/PzKLPRWBFuASHjalf9__Swcrop12958.0,-487.0.jpg",missing_ramp,missing_ramp
"null/jhNLqWhXIDGTShIg1leSEAcrop3099.0,-431.0.jpg",null,null
"ramp/99PBI-VxMBd5vgqSlelpgwcrop10149.0,-661.0.jpg",ramp,ramp
"sfc_problem/ZhyuL-dV9SfdSdC9xUmCSAcrop8381.0,-347.0.jpg",sfc_problem,sfc_problem
"ramp/CZSIElt9M9QjYff6GPT8MAcrop1841.0,-543.0.jpg",ramp,null
"missing_ramp/eYbyNDas1LZX9zTkqHG2Twcrop11215.0,-636.0.jpg",missing_ramp,missing_ramp
"missing_ramp/6J-HFE69ugR3xwVoLcQ5Lwcrop6336.0,-628.0.jpg",missing_ramp,sfc_problem
"null/kHpIv0TzcVPm8x8cOoFb_Qcrop12925.0,-479.0.jpg",null,null
"missing_ramp/LGczC3RgGOtesMlV06oW0Qcrop9822.0,-1101.0.jpg",missing_ramp,missing_ramp
"null/bYhQ4XdwbAcXvG1MDsl1vQcrop3512.0,-7.0.jpg",null,null
"missing_ramp/MPOXW3L-BD2n_4mW9KvRJwcrop324.0,-427.0.jpg",missing_ramp,missing_ramp
"ramp/4Czt4q0BsHpIvLTRccKRuQcrop1715.0,-301.0.jpg",ramp,ramp
"missing_ramp/ing2iqyL4sfjk7HxTgbUjAcrop1814.0,-573.0.jpg",missing_ramp,missing_ramp
"null/cPULr4zqcakhgN6wt5HlFQcrop10683.0,-1100.0.jpg",null,null
"missing_ramp/cw-0K7uRflKtVfwHFhUj-wcrop8236.0,-444.0.jpg",missing_ramp,missing_ramp
"obstruction/99PBI-VxMBd5vgqSlelpgwcrop11234.0,-516.0.jpg",obstruction,obstruction
"null/OqATLuOanllkKNA17xgSPwcrop11138.0,-1129.0.jpg",null,null
"missing_ramp/0vRJ36VvlnjnrjTTJ0jWtQcrop6983.0,-539.0.jpg",missing_ramp,missing_ramp
"ramp/trLxUNyN32h2ue6NyfvmhAcrop636.0,-385.0.jpg",ramp,ramp
"null/SDPve-rj320SBWmDHXcW8gcrop10853.0,-703.0.jpg",null,null
"null/8gTj6xw9o2WLpiBv6RII4Acrop11818.0,-371.0.jpg",null,null
"null/fGuwn_XQXYZPoBQdnYWzQAcrop2406.0,-1007.0.jpg",null,null
"null/m7nxl0PMSmw96tdPzG_0jQcrop8603.0,-1628.0.jpg",null,null
"null/3TzLTHOYbs_bWuCk8Jes2Qcrop3757.0,-1529.0.jpg",null,null
"null/jCAimau0IoExc3RWWzR1Cwcrop6067.0,-430.0.jpg",null,null
"null/aEby4BBbrLfYPsC1VG7FGgcrop5315.0,-515.0.jpg",null,null
"obstruction/8RbidYHjw3swzqxFGZV3nAcrop6619.0,-490.0.jpg",obstruction,obstruction
"ramp/ltVDrYKwq-qneP9fwqhM2gcrop118.0,-408.0.jpg",ramp,ramp
"ramp/iNYAVNidrxbIEmqXNUDzaAcrop5787.0,-883.0.jpg",ramp,ramp
"null/6x1CuJoGJncHX6NNzYMNkgcrop2679.0,-327.0.jpg",null,null
"null/epzYXGps8N0TDLWWn4vPUwcrop12123.0,-1353.0.jpg",null,null
"null/-B4BGL6nM3Q_XWbG5141kwcrop5242.0,-1476.0.jpg",null,null
"missing_ramp/b3hjXxuth8Xu3SNs3mJgtwcrop4084.0,-724.0.jpg",missing_ramp,missing_ramp
"ramp/y8WQzmFrCAHI9JG-VdRM-Acrop540.0,-649.0.jpg",ramp,ramp
"null/j1Mcvnzb4rb7ysFE1JsRwwcrop10079.0,-1398.0.jpg",null,null
"null/o1SUGCu7idpWxRRgeMF-IAcrop8035.0,-711.0.jpg",null,null
"null/4E8vBT2ldZh2LcJo-LcAlgcrop2434.0,-762.0.jpg",null,null
"obstruction/319JI_I7eS7FK_tEsghsswcrop1664.0,-472.0.jpg",obstruction,obstruction
"sfc_problem/dd2exQVRvH26Z-U9btR-tQcrop11660.0,-374.0.jpg",sfc_problem,null
"ramp/SfzSI-tz9J3YyQh88vLhjQcrop10341.0,-730.0.jpg",ramp,ramp
"missing_ramp/vplluXNegJ023LVA-ZWITAcrop2628.0,-753.0.jpg",missing_ramp,null
"obstruction/ONZ8nvvPGKLCdSLxuWFUjgcrop5069.0,-409.0.jpg",obstruction,null
"null/gx_BDuycwGt4OlrObqamHQcrop8573.0,-282.0.jpg",null,missing_ramp
"null/1HzqpK2jtCsiLvoutl35Fgcrop10643.0,-1270.0.jpg",null,null
"missing_ramp/DE7NC-GV4nFIQZHLvap_dAcrop5692.0,-899.0.jpg",missing_ramp,null
"ramp/sgvtsNYdP42o8L7Y0SsXRAcrop9379.0,-927.0.jpg",ramp,ramp
"ramp/KupZYyugFrMfdMb63NOztQcrop4176.0,-462.0.jpg",ramp,ramp
"ramp/B46oV_jQxHSuL12N41gZAgcrop2636.0,-364.0.jpg",ramp,null
"obstruction/5ohdk0YeZmYnF0d-08uTFwcrop5166.0,-50.0.jpg",obstruction,null
"missing_ramp/Y8my1cju0ZJm790K50k4yQcrop2358.0,-291.0.jpg",missing_ramp,missing_ramp
"obstruction/wDgQvol-ueuv11Oq6Qx1uwcrop2811.0,-474.0.jpg",obstruction,ramp
"missing_ramp/wGKBfGF5XtQoh3LdflMWIAcrop2662.0,-351.0.jpg",missing_ramp,null
"null/vCnmtKxeWjsnrFUrpggxOQcrop3032.0,-612.0.jpg",null,null
"obstruction/omDZ1-fFNfCXRBMJfcvQtQcrop2510.0,-327.0.jpg",obstruction,obstruction
"obstruction/vzYu74zzinr_uxt5lawElgcrop1628.0,-838.0.jpg",obstruction,obstruction
"null/FX62KwGq1-3-SaZ6h_FzHwcrop3246.0,0.0.jpg",null,null
"sfc_problem/ZsrxldCQ9_zo4wF_flcqDQcrop9374.0,-323.0.jpg",sfc_problem,sfc_problem
"null/BpYAkiZfF8qhdM52X0XUYgcrop9675.0,-130.0.jpg",null,null
"null/dTz4WUjV2cN8CdlrYRIljQcrop11127.0,-1348.0.jpg",null,null
"ramp/z2ztPl1_QXMJC7FSXzHizAcrop1019.0,-303.0.jpg",ramp,ramp
"null/0-u8pBalbAgCOz4T4-JGlgcrop6283.0,-1448.0.jpg",null,null
"missing_ramp/kJYMmEPyTRhJawgkeF_BGgcrop3906.0,-426.0.jpg",missing_ramp,missing_ramp
"ramp/gyFuxqdBmrjXpxMkvJLUnAcrop11460.0,-377.0.jpg",ramp,ramp
"null/mvQH9WKnC9G-y18kPMy05wcrop7233.0,-358.0.jpg",null,null
"sfc_problem/wZcACJ8ffj0ZiCuts2vH3wcrop3184.0,-490.0.jpg",sfc_problem,null
"sfc_problem/GgO-NvOKC5PY6jL_BuhtzQcrop1738.0,-361.0.jpg",sfc_problem,missing_ramp
"ramp/NTxx6KS8hoauz6LyhPNT-gcrop8146.0,-270.0.jpg",ramp,ramp
"null/Aa2Ru5YPfJdorEp3cgJO2Acrop5876.0,-957.0.jpg",null,null
"sfc_problem/Y0sANTe45iQS_MzJx-tb7gcrop5839.0,-411.0.jpg",sfc_problem,null
"null/NI7ma7FS4jHOC_zqpiE1hgcrop837.0,-1352.0.jpg",null,null
"null/VViQU9o7x9ae0VGlcxUodwcrop11029.0,-492.0.jpg",null,sfc_problem
"ramp/T0YUnQQ99NaZWsSb4I1tFgcrop10547.0,-1244.0.jpg",ramp,ramp
"ramp/j_t2W4bfkc8IFoWA0j_A2gcrop2110.0,-381.0.jpg",ramp,ramp
"ramp/XQYW0DFkeikkZ0-m8EXQbAcrop6981.0,-318.0.jpg",ramp,ramp
"obstruction/lnSKoJzyeKqFNsaJRU9NSwcrop11227.0,-425.0.jpg",obstruction,obstruction
"null/FtVutmNrUKipYvd8o9vcawcrop9432.0,-1123.0.jpg",null,null
"null/9qa-VUrjb-R5s7hnWPW6JQcrop7486.0,-967.0.jpg",null,null
"null/rHc5fmrF8f1J1NXUuHCHngcrop1062.0,-878.0.jpg",null,null
"null/sfad-vkzO9zXmJNkwEM3twcrop12220.0,-309.0.jpg",null,null
"ramp/adncGCyUWm5LJlS4P-o8mAcrop4717.0,-224.0.jpg",ramp,null
"null/QF-jUryl9GUZ3GYJ36uvCAcrop11200.0,-848.0.jpg",null,null
"null/gV4HgBty_eUB90lyp1hKWAcrop982.0,-1118.0.jpg",null,sfc_problem
"sfc_problem/_hhcTCTzdJIgqimEbWRrCgcrop612.0,-261.0.jpg",sfc_problem,sfc_problem
"null/Kn2tgFqO2r62skrX_MFzCgcrop5592.0,-209.0.jpg",null,null
"ramp/Xmfv29SgOgcVOVv55fc0HQcrop7523.0,-341.0.jpg",ramp,ramp
"null/o1YKH3l1bjb_swTCIeuF_wcrop11557.0,-1202.0.jpg",null,null
"null/o7JF010ln_V8N9QFkEoZLwcrop2025.0,-1082.0.jpg",null,null
"missing_ramp/_mIFNefcsdUjBxx8zKdvAwcrop6628.0,-559.0.jpg",missing_ramp,missing_ramp
"ramp/hS2GIEGi16WOwGhgpdPRgQcrop12337.0,-383.0.jpg",ramp,ramp
"obstruction/Kac_5HSKmvKjJBXV_DUnzAcrop5987.0,-762.0.jpg",obstruction,obstruction
"ramp/E1SGTFFjN0v3M9uuT1tCpAcrop5366.0,-684.0.jpg",ramp,ramp
"ramp/p-Hkjhqt9y3mFszyGdawSgcrop1328.0,-508.0.jpg",ramp,null
"null/04-qAlR0TstJSucelBtfQAcrop3284.0,-1439.0.jpg",null,null
"ramp/gJLHJ-MwXyZ6Y081y2eysgcrop990.0,-1515.0.jpg",ramp,ramp
"null/eAuPAxb6zXkQXbdaMvcWyQcrop10712.0,-1697.0.jpg",null,null
"missing_ramp/PzOPeytCwGHVzE9riznO8gcrop4887.0,-362.0.jpg",missing_ramp,missing_ramp
"sfc_problem/LGIEQ9_XqtvZvttY1-TztQcrop12130.0,-740.0.jpg",sfc_problem,null
"null/nZRwBfpuvfV5H7xL0hPy0gcrop11871.0,-859.0.jpg",null,sfc_problem
"null/Qw2oaODrL9gZo1F6ycUK2Qcrop6713.0,-830.0.jpg",null,null
"ramp/3zcrhqVZmXigArxxbhf3Xgcrop11213.0,-558.0.jpg",ramp,ramp
"null/Cl1MhVdATqHhklWLcEmK1Qcrop8347.0,-291.0.jpg",null,missing_ramp
"missing_ramp/eDOUWykuh7ZZeSw6CXmlYwcrop2956.0,-692.0.jpg",missing_ramp,missing_ramp
"ramp/2At5az6m7SkXrp-E5TCj4Acrop13220.0,-295.0.jpg",ramp,ramp
"null/hyAilIv9R9oYN0BMHvyLSgcrop10247.0,-315.0.jpg",null,missing_ramp
"null/JO4E_TybIqJ-xkZrMrAoMgcrop10580.0,-46.0.jpg",null,ramp
"null/4BInsyTAyifjBd61WIjfTQcrop9823.0,-1186.0.jpg",null,null
"null/scQLxP3YDdRo1MXU250jRQcrop6752.0,-808.0.jpg",null,null
"null/J8WNRiT_UKslAW9ROn7RPQcrop8053.0,-758.0.jpg",null,null
"null/9fH2BUlIT2h03laVn46y0wcrop5055.0,-789.0.jpg",null,null
"null/rUgMxYNWSIYHtAEbTM6BFwcrop8322.0,-827.0.jpg",null,null
"obstruction/SFmz-YEp3vbrMEuNhh206Acrop10438.0,-453.0.jpg",obstruction,obstruction
"missing_ramp/jBRG42MGForPi04DAmGWuwcrop2965.0,-848.0.jpg",missing_ramp,missing_ramp
"null/9YkUNV9uwruMBz5p5HIHAAcrop5745.0,-534.0.jpg",null,null
"ramp/wA37Hoixc6uY0Mm221JQggcrop5928.0,-423.0.jpg",ramp,ramp
"ramp/ozCw8_ACl0vrs6r9ARG9HQcrop2802.0,-500.0.jpg",ramp,ramp
"missing_ramp/E1LiUqKgAMN_O_KTfG6Thgcrop7084.0,-359.0.jpg",missing_ramp,ramp
"missing_ramp/nQz9qhI86-QR2R2r4TV32wcrop8562.0,-516.0.jpg",missing_ramp,missing_ramp
"null/rmiHQyvoRbz9ozkfMWjdKAcrop9911.0,-1590.0.jpg",null,null
"obstruction/fmMub6D899aDUy-lqFWVDAcrop12537.0,-616.0.jpg",obstruction,ramp
"sfc_problem/YYphuyoJuOKXQ5SKeDNLZwcrop12642.0,-982.0.jpg",sfc_problem,missing_ramp
"null/SqcjV-JU3shzLv3c70Oxngcrop2795.0,-932.0.jpg",null,null
"null/GLLpImDqH4_zPf5vjxUluAcrop8197.0,-882.0.jpg",null,null
"ramp/205wWrVrhCNrwIXS-jwFzAcrop9311.0,-449.0.jpg",ramp,ramp
"null/RsHQr0XpwXlckxD9R4QbVwcrop5029.0,-1322.0.jpg",null,null
"null/lk95zcW0edw2sZCB1rMPTAcrop11324.0,-1215.0.jpg",null,null
"missing_ramp/NRTgOKeS7AOyomoP6q8t4Qcrop4515.0,-472.0.jpg",missing_ramp,missing_ramp
"ramp/KeLYbqgcp2vcOR2330E3YQcrop4202.0,-590.0.jpg",ramp,ramp
"null/_NrfFLKvv2skzMzGtSA8egcrop4780.0,-677.0.jpg",null,null
"ramp/jjFJXC5Bi5bNio_dc4zsfAcrop10801.0,-796.0.jpg",ramp,sfc_problem
"null/dawrUBqWZVQOkVRF3B39ggcrop7304.0,-910.0.jpg",null,null
"sfc_problem/kg6gvxEVbgegh_-62h0enwcrop2902.0,-554.0.jpg",sfc_problem,sfc_problem
"sfc_problem/Fg6FbFdVhG8ix_rve9LulQcrop11399.0,-641.0.jpg",sfc_problem,sfc_problem
"sfc_problem/rBU6b0e94_UjyIeQU0XDCgcrop3104.0,-664.0.jpg",sfc_problem,null
"missing_ramp/viU6lI_l3nH_3M7iARE5Qgcrop12450.0,-828.0.jpg",missing_ramp,missing_ramp
"null/RePb0Yk89MDyYqooPm3vVAcrop4272.0,-1264.0.jpg",null,null
"null/9xsTtZ1Dbks_V3-EK6yjcgcrop9438.0,-1384.0.jpg",null,null
"null/_qi1IdUneutv8mOMAhJaDgcrop9623.0,-497.0.jpg",null,null
"null/nWt1Xl7nIFAzAciQnCQSEwcrop10235.0,-784.0.jpg",null,null
"ramp/-0PWDu7ryiRbF-2teCP1ogcrop6807.0,-1059.0.jpg",ramp,ramp
"sfc_problem/73kHYoiYx9Tnh6Xgye_r-gcrop9839.0,-476.0.jpg",sfc_problem,null
"null/-zwR_5zwZbylDwhVMuTTmAcrop1311.0,-1670.0.jpg",null,null
"ramp/oljgtQyLdwlfBchZlT8RHAcrop2912.0,-277.0.jpg",ramp,obstruction
"null/Y36NiAizeHOC5aoF-yLfZgcrop8398.0,-1653.0.jpg",null,null
"missing_ramp/cmucC73cw4gRsuMaUi4rrgcrop9186.0,-424.0.jpg",missing_ramp,missing_ramp
"missing_ramp/ZAThj5Joc7EFCWu1it04Awcrop7320.0,-1044.0.jpg",missing_ramp,missing_ramp
"ramp/2BcncBnwUvviwVbBqMVaVQcrop10292.0,-286.0.jpg",ramp,ramp
"null/0no78auheYicGhsVYTPnhwcrop8916.0,-283.0.jpg",null,sfc_problem
"ramp/DPFpiJQFnnf46R1bTOk_jgcrop12989.0,-144.0.jpg",ramp,ramp
"null/GzuJbGhFP6uVjhZvrCQu4Acrop8369.0,-353.0.jpg",null,null
"missing_ramp/APlBRmSPN4e9PQ_kVz09Mgcrop9680.0,-343.0.jpg",missing_ramp,missing_ramp
"missing_ramp/YPTlQ0KWlw7suHSx2SAAHwcrop5174.0,-375.0.jpg",missing_ramp,missing_ramp
"missing_ramp/Y8my1cju0ZJm790K50k4yQcrop239.0,-409.0.jpg",missing_ramp,missing_ramp
"null/YLGUIxhEahiWJbdyi9FHHQcrop11624.0,-1575.0.jpg",null,null
"null/YYH9cDkRPNoI1y55Clawqgcrop1860.0,-1049.0.jpg",null,null
"obstruction/vQ353TRlH-x2oZSc1wRx6wcrop9490.0,-615.0.jpg",obstruction,obstruction
"null/h2_LMqCOCh_BvwytyiMv4wcrop12494.0,-159.0.jpg",null,null
"null/T0YUnQQ99NaZWsSb4I1tFgcrop5314.0,-885.0.jpg",null,null
"sfc_problem/oAfObst8-OwFlUaV1Ca8kQcrop2214.0,-952.0.jpg",sfc_problem,sfc_problem
"missing_ramp/wuk--sZ3fJyMsMo4tJuybgcrop8615.0,-850.0.jpg",missing_ramp,missing_ramp
"ramp/zkXOb6nI-I6EIoUVYkoeZAcrop1604.0,-460.0.jpg",ramp,ramp
"null/-E2q6fQ6ks-CbHxJBZ0ggwcrop11336.0,-110.0.jpg",null,obstruction
"ramp/Q2_p8s6wN2b2P0xhrJ6wSgcrop8393.0,-264.0.jpg",ramp,ramp
"null/IFNOhPDdL1TzZihIu1B0Xwcrop1206.0,-355.0.jpg",null,null
"null/m94KPoY4jotP_yhH279ZBAcrop5749.0,-731.0.jpg",null,ramp
"null/dRtjUWZ2NjonMgfWgEXP5wcrop11635.0,-394.0.jpg",null,sfc_problem
"null/0vRJ36VvlnjnrjTTJ0jWtQcrop5708.0,-322.0.jpg",null,null
"null/Mpczc3ZjyjxWgWW1YusXLgcrop1392.0,-1126.0.jpg",null,null
"ramp/wZ1tq9VBSs4bE2KQJzO-pgcrop5546.0,-748.0.jpg",ramp,missing_ramp
"null/HAwlDx92WFI47DXGapbP0gcrop11730.0,-1003.0.jpg",null,null
"null/xH_1fDXe4FXo-Q9QP8UZ-Acrop13007.0,-1256.0.jpg",null,null
"null/Vn2eIgkBvgo_8sggwFzdKQcrop1000.0,-1213.0.jpg",null,null
"ramp/QvrZ6qcD9D6XPS9arLyuZgcrop1303.0,-497.0.jpg",ramp,null
"null/g076DTKaxjecapFqL_PB4gcrop11162.0,-1068.0.jpg",null,null
"null/__gV-vKtTLI-emv7ySZv5Qcrop791.0,-1495.0.jpg",null,null
"sfc_problem/EhpI1uy_JaQ134CCiREY2wcrop11194.0,-513.0.jpg",sfc_problem,null
"null/PsZR8IgeQuP9mXdXQP35dAcrop5427.0,-448.0.jpg",null,null
"null/JSStgvoYRDuhhkNjX6KBYwcrop3564.0,-125.0.jpg",null,missing_ramp
"null/N7XP_itKYSRPtDObOgrBVgcrop2748.0,-1452.0.jpg",null,null
"null/PmJwJ1ddSfz9F4L-Eot1xwcrop5343.0,-718.0.jpg",null,missing_ramp
"null/QcdzxKM0eFheVWZxpvEazgcrop6205.0,-180.0.jpg",null,null
"null/dB4oW8RM-ubt4KbZftWOXgcrop11735.0,-814.0.jpg",null,null
"ramp/mxPskyvWgw9Xx0zbQLdMRQcrop2939.0,-941.0.jpg",ramp,ramp
"null/oVd3QpkKGQazBT71kpvnpQcrop565.0,-1018.0.jpg",null,null
"null/_uhqc8KchJBJmta-1zv9FAcrop9929.0,-1635.0.jpg",null,null
"sfc_problem/qK85m2PoiPx-psFDozVdXQcrop5730.0,-991.0.jpg",sfc_problem,sfc_problem
"ramp/r9cRjUqwrqgROQ0AIJOn1Qcrop6560.0,-775.0.jpg",ramp,null
"obstruction/K0bWkZDuxnzJVF2I_DU25Qcrop899.0,-558.0.jpg",obstruction,ramp
"null/K_gjY2iK5spit19YWv36_wcrop323.0,-773.0.jpg",null,missing_ramp
"missing_ramp/2BcncBnwUvviwVbBqMVaVQcrop282.0,-392.0.jpg",missing_ramp,null
"null/8fdgtBMetn11Mk2Z8uGVwAcrop1791.0,-916.0.jpg",null,null
"missing_ramp/eEnbk8j9evgkLlwfr_Ri1Acrop5486.0,-700.0.jpg",missing_ramp,missing_ramp
"sfc_problem/99m6_hma5KmtLLASTx-S2Acrop8564.0,-324.0.jpg",sfc_problem,null
"missing_ramp/gyjt0pmO0oGx4O_DnGDQQAcrop5216.0,-499.0.jpg",missing_ramp,missing_ramp
"ramp/XpeG2ThTLy68KlDbco5i9Acrop1955.0,-416.0.jpg",ramp,missing_ramp
"null/oVd3QpkKGQazBT71kpvnpQcrop6782.0,-218.0.jpg",null,null
"ramp/tXeXR2iHkExc6YHxy0fNTwcrop11872.0,-447.0.jpg",ramp,ramp
"null/beLMrsImJf56aWHZ8tTTcgcrop10687.0,-1638.0.jpg",null,null
"missing_ramp/rHc5fmrF8f1J1NXUuHCHngcrop6879.0,-510.0.jpg",missing_ramp,missing_ramp
"null/DD_VEw86rKdcCULiczEY9gcrop467.0,-947.0.jpg",null,null
"null/9UmWUcXyfOrjsKRXBuZISQcrop11078.0,-1458.0.jpg",null,null
"null/ZtIERSEszzc5rLWy_-1esAcrop10747.0,-632.0.jpg",null,null
"null/gUHDNk7SEVV6E4GJEYhCEQcrop7722.0,-1597.0.jpg",null,null
"null/iW9sQHZj-q8tcm85q7uY9wcrop9790.0,-517.0.jpg",null,null
"missing_ramp/_ThcAfjL-9PVTI2IGWcIkgcrop8152.0,-497.0.jpg",missing_ramp,missing_ramp
"null/GufVNRgC3JdXTlXDIg_GIQcrop2094.0,-1118.0.jpg",null,null
"null/a_ewasyaCgSKfcAqw7JqEgcrop4345.0,-1058.0.jpg",null,null
"null/C-gDB67Kpi1UR4nwsUzvXAcrop8742.0,-226.0.jpg",null,null
"missing_ramp/dnbKSuQoOB5szmoTT2oX_gcrop8100.0,-622.0.jpg",missing_ramp,missing_ramp
"ramp/V8mHHhxXbbHC6GxGeSJNWwcrop1956.0,-347.0.jpg",ramp,ramp
"missing_ramp/DGSc4YPw0zfVB3SXv_Fpzwcrop4237.0,-821.0.jpg",missing_ramp,missing_ramp
"null/5Ihy6lLoFxpFCT8koXKiJgcrop10363.0,-865.0.jpg",null,null
"null/9h5PA8LdumP4PPYF9STspAcrop1174.0,-1473.0.jpg",null,null
"null/eyQZommPLpS9S9Y40y4y7Qcrop9417.0,-1287.0.jpg",null,null
"null/gG1FWv4UwPTFcd3ZiUJYFgcrop10343.0,-1144.0.jpg",null,null
"null/ysvQH6cXiVkFw-lMyNRV1Qcrop6186.0,-1042.0.jpg",null,null
"null/JZ8g98REAuJ09rZpnR-Tdgcrop2571.0,-1219.0.jpg",null,null
"null/A-eM226LYCgGNB1WLubj8Qcrop5656.0,-1252.0.jpg",null,null
"null/af7_cUpIivpKybsmW0m7FQcrop11392.0,-1178.0.jpg",null,null
"missing_ramp/OOW5hLZ7pezdcQlgUrclGgcrop3952.0,-692.0.jpg",missing_ramp,missing_ramp
"sfc_problem/99PBI-VxMBd5vgqSlelpgwcrop3781.0,-674.0.jpg",sfc_problem,null
"null/BGzau8wh4FRwIFiqBsZIxAcrop7754.0,-722.0.jpg",null,null
"missing_ramp/K-6z0s06OMgte0F9mW0fQwcrop1120.0,-319.0.jpg",missing_ramp,null
"ramp/ghGr4q1bVESHsDeIUUxvngcrop8268.0,-499.0.jpg",ramp,ramp
"null/pkxiMhmRyxHwKUyvECUflwcrop3274.0,-708.0.jpg",null,null
"sfc_problem/4lEithDD2wdbbC9A9J6xUAcrop8077.0,-366.0.jpg",sfc_problem,sfc_problem
"missing_ramp/hnOR6BPuEdRZOzmfdPwTmQcrop4865.0,-663.0.jpg",missing_ramp,missing_ramp
"sfc_problem/cCrayTbMqZM40aLipINa4gcrop12252.0,-251.0.jpg",sfc_problem,obstruction
"ramp/A7eAy6aBQ2exvbgklikDtwcrop13122.0,-410.0.jpg",ramp,ramp
"ramp/Whh-i29-f5lu3zY19CiygQcrop610.0,-521.0.jpg",ramp,ramp
"missing_ramp/GFsVYUuwTTskt9Q-4MBDhwcrop5574.0,-534.0.jpg",missing_ramp,null
"ramp/LVbKACFUqHL0i5ALf0P41Qcrop8634.0,-298.0.jpg",ramp,ramp
"ramp/qEf9x6H-5J8Uol0-iuWxKwcrop1635.0,-664.0.jpg",ramp,ramp
"null/AkPkBVX5jXbymiost3J0kgcrop6892.0,-1605.0.jpg",null,null
"ramp/Pq8zo_zIY5PdtWhoCDzW9gcrop9575.0,-1054.0.jpg",ramp,ramp
"ramp/HTZEaw8gPnRj6ltd83FYaQcrop10347.0,-213.0.jpg",ramp,null
"null/W0qmQ3j0Qk_xp0Dmwut8-wcrop10739.0,-469.0.jpg",null,null
"null/YLGUIxhEahiWJbdyi9FHHQcrop9103.0,-296.0.jpg",null,null
"null/0my798DgHz0J4dH1hrJhVQcrop9243.0,-1043.0.jpg",null,null
"null/aF6Dchf6c-SCQCt9_gMv3wcrop12686.0,-1596.0.jpg",null,null
"null/CZQCr7obCxQrF_ToLwImEgcrop5048.0,-1492.0.jpg",null,null
"null/3gvkJeoys8zCU8oiRkTeYAcrop7894.0,-920.0.jpg",null,null
"null/-uX_Uizm1ETVmObxxEJFbQcrop6166.0,-1393.0.jpg",null,null
"ramp/3MUWcxZ-YrPeURtrfYbf5wcrop8931.0,-339.0.jpg",ramp,ramp
"sfc_problem/ROzxEcuCO0PK4qfTc7-ATAcrop7648.0,-508.0.jpg",sfc_problem,sfc_problem
"null/MroI6_J8-T-pzXOzshqqPAcrop10760.0,-115.0.jpg",null,ramp
"null/Bzag1K_RFHyZaVmFdTljDAcrop2961.0,-1469.0.jpg",null,null
"ramp/uS7w_wuxeUNoT79_tgIZiQcrop5176.0,-325.0.jpg",ramp,ramp
"null/bR3C7iNoCGeqd0Ez5yHkGgcrop6919.0,-486.0.jpg",null,null
"null/g4TRZVa4_0HYpNtpw7QGSAcrop8890.0,-269.0.jpg",null,null
"null/lEH5No4eXvuuYSWKFZzAkgcrop5875.0,-415.0.jpg",null,null
"ramp/HeRHa5s2BxRhbI-MW8P-pQcrop8843.0,-476.0.jpg",ramp,ramp
"null/gtZURGpFLF06wq2toy_gBgcrop331.0,-1312.0.jpg",null,null
"null/_qi1IdUneutv8mOMAhJaDgcrop5799.0,-1352.0.jpg",null,null
"null/e0k4ZXSqvV3lBGG-zqEBRAcrop13003.0,-1347.0.jpg",null,null
"null/ZK5VYT91aaS6TC0EcV7JtAcrop8431.0,-1632.0.jpg",null,null
"null/H9irm0Y2GJSIRrDPiVN3iQcrop6491.0,-907.0.jpg",null,null
"null/3vx8IFgvdRqa4Zw3eYeGSAcrop12013.0,-1213.0.jpg",null,null
"null/omDZ1-fFNfCXRBMJfcvQtQcrop3678.0,-1417.0.jpg",null,null
"obstruction/1iDEraeHENRHlMuvx062bgcrop11759.0,-842.0.jpg",obstruction,obstruction
"null/wd5elmD8OEX2GhecoZ3TtAcrop8040.0,-713.0.jpg",null,null
"ramp/EDDxEeshPv6vsDDxTK5VBgcrop9345.0,-824.0.jpg",ramp,ramp
"null/25g2pn8K_Dsxu2PNQ5Lk2gcrop7687.0,-1021.0.jpg",null,null
"null/VRUOThrPBmsHf4kwYjfW5Acrop2486.0,-308.0.jpg",null,null
"null/su55aorYDsXmu5AFM8bF-gcrop10154.0,-403.0.jpg",null,null
"null/NWLSD1tQPdvMvtwuXCxS-Acrop5120.0,-1284.0.jpg",null,null
"ramp/treyXG0iNYWO-B5UX1nRbwcrop12446.0,-566.0.jpg",ramp,ramp
"sfc_problem/TVZAJVwmzxB6MHOnX9GCYgcrop9743.0,-691.0.jpg",sfc_problem,null
"null/I7gCEWRj6xw2yIv9LFRGPwcrop8674.0,-1216.0.jpg",null,null
"missing_ramp/6vxWaQ8HN2cQuetBZsF0kAcrop7350.0,-662.0.jpg",missing_ramp,missing_ramp
"ramp/1SCmfNQtihBxYYa_jHHOuAcrop4584.0,-566.0.jpg",ramp,null
"ramp/3p46McMD5I9JwL7qNeUnZAcrop10348.0,-1444.0.jpg",ramp,null
"missing_ramp/7Tua8ca41eep_LcoVZlSOQcrop12520.0,-481.0.jpg",missing_ramp,missing_ramp
"null/5f9MhBSRS97WXqhDzQxIuQcrop3378.0,-1427.0.jpg",null,null
"ramp/8msIgrNGXaXaRv_DcJc28Acrop2225.0,-1236.0.jpg",ramp,null
"null/Y_F0Tx4k8hX2JoWWM7wPmQcrop4320.0,-1144.0.jpg",null,ramp
"null/iUznhXkjsB-ptn_RotjSRQcrop10477.0,-227.0.jpg",null,null
"null/YP1XlH5WOQNwzzwiAqGH6Qcrop10180.0,-553.0.jpg",null,null
"ramp/2BcncBnwUvviwVbBqMVaVQcrop10967.0,-313.0.jpg",ramp,ramp
"null/kHpIv0TzcVPm8x8cOoFb_Qcrop6708.0,-1280.0.jpg",null,null
"ramp/beLMrsImJf56aWHZ8tTTcgcrop7116.0,-612.0.jpg",ramp,ramp
"null/UUiDDc1b4CUITVCmY2uTlQcrop9696.0,-432.0.jpg",null,null
"null/yQZTHOdhIMTSodZfDgxSSAcrop7922.0,-77.0.jpg",null,obstruction
"missing_ramp/HvICy9crv58Q4cTei0FASQcrop11584.0,-784.0.jpg",missing_ramp,missing_ramp
"null/8t3c926RvjgLxvj1PUZBJQcrop3174.0,-909.0.jpg",null,null
"ramp/HsgeyvychgYBpMjEW1wA9wcrop8881.0,-407.0.jpg",ramp,ramp
"obstruction/eyQZommPLpS9S9Y40y4y7Qcrop5669.0,-546.0.jpg",obstruction,null
"sfc_problem/Rhj-QngEanH23_6qNzL7Cgcrop1864.0,-629.0.jpg",sfc_problem,null
"ramp/qhO1XXOAhFwwq5bBI5Cw3Acrop4449.0,-1725.0.jpg",ramp,ramp
"null/9RlLDQVPrVsbUc-ZRSWrhwcrop8590.0,-1509.0.jpg",null,null
"sfc_problem/xknXWuoxVvX58NGN6sJ2vQcrop9667.0,-549.0.jpg",sfc_problem,sfc_problem
"null/nNHtehJ0XBvsktq_SUroJAcrop1995.0,-264.0.jpg",null,null
"obstruction/ytgRGe0MgUgHt_0ndFXpIQcrop1357.0,-1059.0.jpg",obstruction,ramp
"ramp/FSy_LzVviIU7u4hVYDhnqAcrop9146.0,-597.0.jpg",ramp,null
"null/j7eagtd_5VW-wl7QS4hBwAcrop1691.0,-99.0.jpg",null,obstruction
"null/jhNLqWhXIDGTShIg1leSEAcrop11643.0,-1674.0.jpg",null,null
"obstruction/Da19hCHGCWBTeX79Ilg-ewcrop10460.0,-388.0.jpg",obstruction,obstruction
"null/pDP_Q4npiarNSR6F0jJp2wcrop9258.0,-1484.0.jpg",null,null
"missing_ramp/RNS1nSkf_XSnK4U2UstMDwcrop7779.0,-989.0.jpg",missing_ramp,missing_ramp
"null/xtLnOVoyuXQoLpHgaC1T5gcrop1774.0,-104.0.jpg",null,null
"sfc_problem/d7kA8kQx4pAVLAYdzveslQcrop1169.0,-314.0.jpg",sfc_problem,null
"null/eNEVdIaLOIm6ImECvguPlgcrop1381.0,-243.0.jpg",null,null
"null/f58wswHfS2a14-qgjUoNLQcrop12653.0,-1507.0.jpg",null,null
"null/rAg8cKST5s3UQ7yy7TX_gwcrop1479.0,-1518.0.jpg",null,null
"null/5ATOCNbCYbv1fvMdtVIxPwcrop5215.0,-1104.0.jpg",null,null
"null/ZIvSKmM0nPE3lJJ8wfWenQcrop10966.0,-196.0.jpg",null,ramp
"null/B3bw7uMP9XPZKN3cLNWtTwcrop552.0,-440.0.jpg",null,null
"null/KWvYwjhT3w44Xm4cwSPG6Acrop5782.0,-1070.0.jpg",null,null
"null/jQZy3Ie4MyrP6lNK3ZAEoQcrop9359.0,-640.0.jpg",null,null
"sfc_problem/z4lRhgXvJVvaXTHh8PRzUQcrop8503.0,-392.0.jpg",sfc_problem,obstruction
"missing_ramp/hnOR6BPuEdRZOzmfdPwTmQcrop8300.0,-432.0.jpg",missing_ramp,missing_ramp
"ramp/ipbUdCgKO7jtGvtdv_i_Hgcrop1182.0,-545.0.jpg",ramp,ramp
"null/ITxhWQ10kH_Xk_vUzR6edgcrop10245.0,-731.0.jpg",null,null
"null/BdV3Gunzh0ytfMrGIXQKTAcrop6727.0,-1470.0.jpg",null,null
"ramp/vab8Pdz_crutOLFqS9r9Ewcrop706.0,-446.0.jpg",ramp,ramp
"ramp/7oUB1IKm6gm5yTmXh8nOlgcrop5124.0,-1651.0.jpg",ramp,ramp
"missing_ramp/2u2bu486JRAt5O7MRS4lbAcrop10559.0,-226.0.jpg",missing_ramp,null
"ramp/gyFuxqdBmrjXpxMkvJLUnAcrop3771.0,-840.0.jpg",ramp,ramp
"null/l7Z8wjmjfdWALciFcsD_HAcrop2717.0,-477.0.jpg",null,obstruction
"missing_ramp/QRIUoS5SzDsluVICN3xF-wcrop12836.0,-440.0.jpg",missing_ramp,missing_ramp
"null/BXKOdWno7_VY3DvyKmVMCwcrop3006.0,-676.0.jpg",null,null
"null/Eu4x3WKdFWA1n-pT2WM6Wwcrop2205.0,-1670.0.jpg",null,null
"ramp/Ebfc5SEgnQhFobNGWu6PWgcrop8395.0,-505.0.jpg",ramp,ramp
"null/Q17zI-Vya1bFpVeEtsgfpQcrop10048.0,-526.0.jpg",null,missing_ramp
"null/Xqf-eudFMfmvnMKOUe7aWwcrop2291.0,-882.0.jpg",null,null
"null/cgzdYMKQn9Y1Vi5HDaaMOgcrop1021.0,-609.0.jpg",null,ramp
"null/YkkqfWwwkeXPeirIP32BkAcrop2874.0,-1600.0.jpg",null,null
"missing_ramp/Xqf-eudFMfmvnMKOUe7aWwcrop7336.0,-414.0.jpg",missing_ramp,missing_ramp
"sfc_problem/RClanjIa1_ARoYb0gycL0Acrop7867.0,-277.0.jpg",sfc_problem,sfc_problem
"null/EX0bmrh4-6AyAwmOHoEjyAcrop3944.0,-63.0.jpg",null,null
"null/9h5PA8LdumP4PPYF9STspAcrop6843.0,-277.0.jpg",null,null
"null/QaivUKyinKctqmpuBcuFiwcrop3648.0,-770.0.jpg",null,null
"null/Q2caCFRQNH7vReq4glaznQcrop4018.0,-442.0.jpg",null,ramp
"sfc_problem/6KuTh0p2_YHY31G8PyOrHQcrop10890.0,-918.0.jpg",sfc_problem,null
"null/wCjSNEIK48AIi0Zp0hzD8wcrop10509.0,-1587.0.jpg",null,null
"ramp/7H-FaY5T73EIuD1JVDsa3gcrop3738.0,-599.0.jpg",ramp,null
"null/99PBI-VxMBd5vgqSlelpgwcrop1392.0,-927.0.jpg",null,null
"null/FINY_I9SgUaz_ZQyVRLy-gcrop4021.0,-733.0.jpg",null,null
"ramp/WA4F32mE__gvoylOG-ge-Acrop12772.0,-354.0.jpg",ramp,null
"ramp/D5Se4AuiyxHr2ht2CkjnBQcrop9695.0,-1252.0.jpg",ramp,ramp
"null/-nyS-Gnn0QTTQmYvn9vtzQcrop10260.0,-325.0.jpg",null,null
"ramp/PzKLPRWBFuASHjalf9__Swcrop9335.0,-285.0.jpg",ramp,ramp
"missing_ramp/2IXKA8Lo-Xz6bz3_dPS6wAcrop12043.0,-280.0.jpg",missing_ramp,missing_ramp
"missing_ramp/qsfC_369GflaoLpmjRUUhwcrop12208.0,-523.0.jpg",missing_ramp,missing_ramp
"null/F821h7FDrZkwUG42QI-Dcwcrop4664.0,-1276.0.jpg",null,null
"missing_ramp/MXgWWpeX2CZMdgVmixprxAcrop8887.0,-241.0.jpg",missing_ramp,missing_ramp
"null/8u4pnk3W8noZvAyBLPFjrgcrop9956.0,-1359.0.jpg",null,null
"null/NsKdPUh4-OOZIL3U0pLK5wcrop7681.0,-1395.0.jpg",null,null
"null/3vQZ-VOzsgCHbb5qkkN77Acrop4837.0,-1541.0.jpg",null,null
"null/bluFDE2496qjPizJSqVupwcrop4274.0,-522.0.jpg",null,null
"sfc_problem/DYaj79mRMTqXSnL4ZZrRZQcrop10499.0,-472.0.jpg",sfc_problem,missing_ramp
"null/nj43pgFCtj_HXfyc8TajPgcrop2029.0,-1256.0.jpg",null,null
"obstruction/QJUhtDKhKhcJzLcfmjAt-Qcrop8283.0,-823.0.jpg",obstruction,null
"ramp/qwEbT_0Dv3Le6m-XvDjF0gcrop12825.0,-487.0.jpg",ramp,ramp
"null/esi9W0M1FomRLwTi-I6Xfgcrop6787.0,-959.0.jpg",null,null
"null/xqUWwJectsJjJE-GHVBzVwcrop9439.0,-836.0.jpg",null,null
"missing_ramp/yVu1RX2Ri4CQa2dpYDoxAAcrop2554.0,-264.0.jpg",missing_ramp,missing_ramp
"null/CkpmqIuU4KvVli6ZUugdlgcrop3738.0,-385.0.jpg",null,null
"ramp/INA2aePRLCN5ZJDsJjWuIQcrop7867.0,-236.0.jpg",ramp,ramp
"ramp/YYH9cDkRPNoI1y55Clawqgcrop5707.0,-263.0.jpg",ramp,ramp
"missing_ramp/rNJWQoDuh7OiryhtQT137Qcrop8116.0,-593.0.jpg",missing_ramp,missing_ramp
"null/vB7Gz_VVr1g9ioJNKIZbegcrop840.0,-1081.0.jpg",null,null
"null/vQ353TRlH-x2oZSc1wRx6wcrop8132.0,-1465.0.jpg",null,null
"sfc_problem/zkXOb6nI-I6EIoUVYkoeZAcrop11399.0,-970.0.jpg",sfc_problem,ramp
"null/uvUB-Cr5h_w-AWCTcTCFEwcrop3234.0,-1047.0.jpg",null,null
"null/IDK2FSohMTpmeS9UBJXNMwcrop8180.0,-1020.0.jpg",null,null
"ramp/cE0Wyi_5yLarW3TtZ9aemwcrop5403.0,-222.0.jpg",ramp,obstruction
"null/0Fiys8NTpIAXvzbuZR-C3Acrop11347.0,-1521.0.jpg",null,null
"obstruction/ssEiU_S_BWRuri-Oa8h7Ewcrop2920.0,-639.0.jpg",obstruction,null
"sfc_problem/Qjt4NB_AdlhK_LsF0cq8tQcrop11854.0,-217.0.jpg",sfc_problem,obstruction
"ramp/9W80N56y0iIH4_pNwDcSlgcrop8811.0,-1393.0.jpg",ramp,null
"ramp/yfHlZtI49FOPmIouR0BBKQcrop13182.0,-477.0.jpg",ramp,ramp
"obstruction/LlsHqT1ui6sL03pCGLHaPQcrop7017.0,-348.0.jpg",obstruction,obstruction
"null/NIOd0PT6Fx5ai0bjzlq4Pwcrop4914.0,-1220.0.jpg",null,null
"missing_ramp/gsnEIeiPYjUuSBLNgAn8CQcrop11495.0,-261.0.jpg",missing_ramp,missing_ramp
"null/_OZWlIqjmDdwGy7rE8VKAgcrop12932.0,-875.0.jpg",null,null
"null/O1RWU7EsUMFHWA2tnJPlywcrop8178.0,-158.0.jpg",null,null
"null/5ctUnY5vnSv3BJYiSsG3nQcrop2386.0,-1194.0.jpg",null,null
"ramp/gV4HgBty_eUB90lyp1hKWAcrop178.0,-817.0.jpg",ramp,ramp
"null/moSHsldQJArKXz3LJbGmTwcrop5265.0,-213.0.jpg",null,null
"null/1HzqpK2jtCsiLvoutl35Fgcrop2684.0,-1089.0.jpg",null,null
"ramp/adncGCyUWm5LJlS4P-o8mAcrop8231.0,-715.0.jpg",ramp,ramp
"missing_ramp/3zNisUQfOPFb8V2_X-2f8gcrop3850.0,-1297.0.jpg",missing_ramp,missing_ramp
"missing_ramp/0o5UD2lV47rsCz1NNl2_WQcrop9333.0,-744.0.jpg",missing_ramp,missing_ramp
"null/pOUdwLGKR-6JpcZpFWZKPQcrop3144.0,-1417.0.jpg",null,null
"null/L5C-ucbPcbP5vRLC6lQ-Agcrop9652.0,-779.0.jpg",null,null
"missing_ramp/K-K1Hd0u9pCrsqb7sI8Z7Acrop1920.0,-572.0.jpg",missing_ramp,ramp
"null/e10x7-7J9WUnu9WFwOTDbQcrop11137.0,-1148.0.jpg",null,null
"ramp/KCn87uQf4DLsUEmqaJwsSgcrop5165.0,-726.0.jpg",ramp,ramp
"null/UHN-clHdKvxa5CJqs5Pejgcrop12304.0,-1622.0.jpg",null,null
"null/M17JtxOkeX2qlSLqsoEpFAcrop5088.0,-1235.0.jpg",null,null
"ramp/MUOw7ho0eTNj1MEpZ9LuLQcrop4460.0,-1074.0.jpg",ramp,null
"obstruction/VCu13BAuKVSxFpbRNa2YFwcrop3010.0,-403.0.jpg",obstruction,missing_ramp
"ramp/_zDerr4r6cyvipeYfrVVJQcrop191.0,-642.0.jpg",ramp,ramp
"sfc_problem/gU7RHvT-brjK3bSmFstSTwcrop10558.0,-732.0.jpg",sfc_problem,sfc_problem
"null/u-XuEuZ0Yzf9KsRk5J5GKQcrop7351.0,-1275.0.jpg",null,null
"missing_ramp/2IXKA8Lo-Xz6bz3_dPS6wAcrop3330.0,-932.0.jpg",missing_ramp,missing_ramp
"ramp/JNvWDoj4A1xAbUE0AxkvRwcrop1216.0,-640.0.jpg",ramp,ramp
"null/NaMy8o-m8Gp6sSqYqAnI1Acrop320.0,-718.0.jpg",null,sfc_problem
"missing_ramp/JO2Q9LuZiT2d2obpaIrLuwcrop8704.0,-511.0.jpg",missing_ramp,null
"sfc_problem/pX8k1JNtPHn6ApSLt0WG-Acrop9908.0,-598.0.jpg",sfc_problem,sfc_problem
"missing_ramp/pc-oapLcmdbU-qB5f-e1HQcrop812.0,-504.0.jpg",missing_ramp,missing_ramp
"missing_ramp/R6LO2Saotc-Y5fVMBvym6wcrop3533.0,-1666.0.jpg",missing_ramp,missing_ramp
"null/9ijIHISE-XCGndHpX8joAwcrop598.0,-1069.0.jpg",null,null
"null/wZcACJ8ffj0ZiCuts2vH3wcrop1029.0,-256.0.jpg",null,null
"null/ENNhhRTxphpH6ENPVN5MVgcrop1190.0,-711.0.jpg",null,null
"null/EGjOEPbmBgQ1rEtbn1zR_wcrop6964.0,-1462.0.jpg",null,null
"sfc_problem/WfRVD8uI96xdFOuwaum6ngcrop6154.0,-636.0.jpg",sfc_problem,sfc_problem
"obstruction/halq_uCiWWqB8G43EOqOcQcrop9767.0,-553.0.jpg",obstruction,sfc_problem
"ramp/tOy882rkHwRTi2BEp0_4AAcrop7862.0,-322.0.jpg",ramp,ramp
"null/fILqT3EWJ_ZpezDigHJ-Awcrop5952.0,-1190.0.jpg",null,null
"missing_ramp/MFJhr0rKEw5plNZvipa9UAcrop930.0,-269.0.jpg",missing_ramp,missing_ramp
"null/Kdy17T0hvCa_9qpAJYHLjgcrop1230.0,-1010.0.jpg",null,null
"missing_ramp/Cnm0XR2LHyMrOm3W6v_WbAcrop7096.0,-1491.0.jpg",missing_ramp,null
"obstruction/Ss1eO5swy-KPlc8PH0k6jQcrop6624.0,-861.0.jpg",obstruction,obstruction
"null/XJPpxui1S6j2_kjnHGbzewcrop2398.0,-61.0.jpg",null,null
"missing_ramp/RvJZByBE_hwxJm1lkHiGCAcrop7074.0,-1259.0.jpg",missing_ramp,missing_ramp
"null/oQcLs20cLFQKiXs-fiJ-WAcrop1665.0,-291.0.jpg",null,null
"null/m6NOH1wuphYZe8N7jjzEbAcrop8271.0,-739.0.jpg",null,null
"ramp/-3U8A-IJ0SPGQd379GCfMAcrop8505.0,-496.0.jpg",ramp,ramp
"obstruction/7m08IKHbuGDfKthRglwtQgcrop1464.0,-1152.0.jpg",obstruction,missing_ramp
"ramp/rNafxkVf77HiartePCPohAcrop10467.0,-656.0.jpg",ramp,ramp
"null/JwjFKZjFxAbeifrEgWFb1wcrop4415.0,-469.0.jpg",null,ramp
"null/o5oYqQEov59O0Ua93zqbLAcrop5846.0,-1292.0.jpg",null,null
"null/OhN4X4b_cPnLZGgfrbVaaAcrop11294.0,-467.0.jpg",null,null
"ramp/J8WNRiT_UKslAW9ROn7RPQcrop11180.0,-459.0.jpg",ramp,ramp
"missing_ramp/rHc5fmrF8f1J1NXUuHCHngcrop1756.0,-1700.0.jpg",missing_ramp,missing_ramp
"null/LQIBE5AJ53FIoIMtq8Vb9gcrop3037.0,-971.0.jpg",null,null
"missing_ramp/0o5UD2lV47rsCz1NNl2_WQcrop4665.0,-695.0.jpg",missing_ramp,missing_ramp
"ramp/bixqishfzjMjuP5QK2WRqgcrop10718.0,-740.0.jpg",ramp,ramp
"null/jGrFvKiiPqJg7XA6wVkugwcrop12829.0,-1102.0.jpg",null,null
"null/M5tAfrKl_BQezY5NzUdIzgcrop2838.0,-271.0.jpg",null,ramp
"null/YYa-FO2WqOWrz9g4KpdRdQcrop5644.0,-288.0.jpg",null,ramp
"missing_ramp/7cwGTyrtV6yKUtHO6TmUewcrop7518.0,-532.0.jpg",missing_ramp,missing_ramp
"ramp/oAMp90wEnIghr7ykQYklgAcrop4668.0,-665.0.jpg",ramp,ramp
"ramp/nZGzR_w8xA84HH7mkr3Ewgcrop3365.0,-681.0.jpg",ramp,ramp
"null/QEBSBQFTzYOTiX8sSP9CCgcrop4504.0,-372.0.jpg",null,null
"sfc_problem/2LC_s3bKjk23akaMjIg-swcrop11577.0,-480.0.jpg",sfc_problem,null
"missing_ramp/GaYyo63R_i_RNA_71KjDnAcrop367.0,-354.0.jpg",missing_ramp,missing_ramp
"null/RdPh55TO1c_o8XsnmFgGxQcrop11297.0,-529.0.jpg",null,null
"null/oQcLs20cLFQKiXs-fiJ-WAcrop4357.0,-1228.0.jpg",null,null
"null/1f-82oxU82NyJX6JVjBudAcrop9706.0,-229.0.jpg",null,null
"missing_ramp/A-eM226LYCgGNB1WLubj8Qcrop6806.0,-184.0.jpg",missing_ramp,missing_ramp
"null/cBetcd2EvAGEuPKX9wKg8Qcrop2328.0,-1455.0.jpg",null,null
"null/G9bVYtcMaRsYDgwPYad3SQcrop3730.0,-1353.0.jpg",null,null
"null/8vI-Lr2YaFX9t9UCsLB3kQcrop6464.0,-545.0.jpg",null,null
"null/lk95zcW0edw2sZCB1rMPTAcrop9094.0,-376.0.jpg",null,obstruction
"null/yt6KitTEDAm1JeRSKX0LzAcrop9393.0,-959.0.jpg",null,null
"null/NGtLs_idaDNSrIzTRffZVwcrop4081.0,-626.0.jpg",null,null
"ramp/NI7ma7FS4jHOC_zqpiE1hgcrop9751.0,-493.0.jpg",ramp,ramp
"ramp/S2pGfdJEqh9XWLMXw1fo7wcrop2340.0,-528.0.jpg",ramp,null
"ramp/NUONjVzfAzpc6aGYMojxuwcrop7433.0,-577.0.jpg",ramp,ramp
"null/nst9wH8pfTHehvC2XtNvwAcrop8130.0,-612.0.jpg",null,null
"null/rDsu-tUtHKLi_lQf6q5uxAcrop9046.0,-1185.0.jpg",null,null
"missing_ramp/_ThcAfjL-9PVTI2IGWcIkgcrop5870.0,-481.0.jpg",missing_ramp,null
"ramp/ryo4HopcOqggycMSUj6wewcrop8644.0,-480.0.jpg",ramp,ramp
"ramp/mJZZPIK-YAZXDkuoMI9Fmwcrop2795.0,-525.0.jpg",ramp,ramp
"null/Dj6VvD3HGnjStzdIRgOulAcrop4957.0,-305.0.jpg",null,null
"missing_ramp/SuPHkGcHROHVHZY-Ba65gAcrop6883.0,-457.0.jpg",missing_ramp,missing_ramp
"null/ALA9Q-F1OTzGVtgPsTJkPwcrop9823.0,-695.0.jpg",null,null
"null/xBrC7MuP36y036pbiUSgHgcrop4226.0,-501.0.jpg",null,null
"null/H0Nt5GMr9pWpxdTRetrifwcrop1430.0,-1594.0.jpg",null,null
"ramp/agxdwoZN6DoQo4FzgpNENAcrop9005.0,-573.0.jpg",ramp,ramp
"null/gpU96yV3NI777PrVQ7U4kgcrop11213.0,-940.0.jpg",null,null
"null/Nt_sHoomij6gMstQp4VV0Qcrop8403.0,-166.0.jpg",null,null
"null/-QkvG5P2P09lmck5IXubVwcrop2488.0,-667.0.jpg",null,null
"ramp/wu-OnobBWo8ngf_zHKmYXQcrop11098.0,-740.0.jpg",ramp,ramp
"ramp/Fa7Hhl7qJ52Wzh7oJ3p3sAcrop3900.0,-712.0.jpg",ramp,ramp
"null/C53067ydrIIbtOGk9Vb7Zwcrop7860.0,-182.0.jpg",null,obstruction
"null/uFQgew8kWyWVfTPkix_N7Acrop5576.0,-630.0.jpg",null,null
"null/8nkZLY6QwHmr9OwoEA49jgcrop2781.0,-1616.0.jpg",null,null
"null/35Zi9shDKBgY-w79hCSlWQcrop1531.0,-468.0.jpg",null,null
"missing_ramp/YRzrPyjjH-3N1OvutSK4ZQcrop8152.0,-698.0.jpg",missing_ramp,missing_ramp
"null/kQet6IWS8yC01ItLBg5JJwcrop507.0,-1380.0.jpg",null,null
"null/uDVzYEe0DgvzaBOPFM8g7gcrop4112.0,-482.0.jpg",null,null
"null/g3d6_NgjvauPPtOIFBTABQcrop8982.0,-225.0.jpg",null,ramp
"ramp/cEoTpHQla65lPtOAt9dofQcrop4017.0,-338.0.jpg",ramp,ramp
"null/aP5ZY6IHE3lziMBQQutnVgcrop6771.0,-1518.0.jpg",null,null
"null/Gk4ytUPkWVUqAx8zqRWMeQcrop2474.0,-1280.0.jpg",null,null
"sfc_problem/TBA-2sJ8SrfDKy7CG8LRAwcrop3790.0,-1317.0.jpg",sfc_problem,sfc_problem
"null/kI7h05HG4d2T4Feyk7ldhAcrop8382.0,-80.0.jpg",null,ramp
"obstruction/KIYfPECCu3owrVlvmzrxJAcrop12673.0,-438.0.jpg",obstruction,obstruction
"missing_ramp/RoOyujZ_v9GlaDgmKdclvwcrop690.0,-755.0.jpg",missing_ramp,missing_ramp
"ramp/Vpv8nU0VhkZ2EzOref_OIQcrop8409.0,-644.0.jpg",ramp,ramp
"missing_ramp/3v1xeZNOZtkRCiHkbLy6vgcrop2364.0,-395.0.jpg",missing_ramp,missing_ramp
"null/EZJzTkN73r4q5HuuFNQPnwcrop8695.0,-1527.0.jpg",null,null
"missing_ramp/hqmiBbaFAEeFB-22P1ohKQcrop12055.0,-437.0.jpg",missing_ramp,missing_ramp
"null/OoWA82Z9NzV9VFm_WW89sgcrop1686.0,-604.0.jpg",null,ramp
"null/GXR9p0D4Oz3vd461EyOo5gcrop7551.0,-1030.0.jpg",null,null
"null/epqr1AwVb7lprgO4BlsyXAcrop11727.0,-382.0.jpg",null,ramp
"missing_ramp/kdjZ4vPq9a7UNbZckYLiDgcrop3572.0,-804.0.jpg",missing_ramp,missing_ramp
"missing_ramp/tRS_xrOXOICbAw6dm88l6wcrop5455.0,-658.0.jpg",missing_ramp,missing_ramp
"ramp/nc5E19M0aRNOiFfsTC7y_gcrop5970.0,-1352.0.jpg",ramp,ramp
"ramp/7LNl50ku5osLMTIJOLVdGgcrop4548.0,-711.0.jpg",ramp,ramp
"missing_ramp/jPJSiUb0uMDgPyD1NPxcsAcrop483.0,-422.0.jpg",missing_ramp,missing_ramp
"missing_ramp/VRsu834xhdPm_1iFPbqIwgcrop4194.0,-811.0.jpg",missing_ramp,ramp
"null/6rTcCbYSvVNd33YXJqbnFgcrop1359.0,-607.0.jpg",null,ramp
"sfc_problem/30wSSwpQyfXG91DmzPtzXwcrop3472.0,-777.0.jpg",sfc_problem,null
"missing_ramp/cjIbn9YO3eWoXmTYR2Wlygcrop4856.0,-406.0.jpg",missing_ramp,missing_ramp
"null/PLV_z3Og_HD4gR_GVEuOFAcrop8519.0,-93.0.jpg",null,null
"ramp/v-3mcjuEh-UvHpcMV8wTZAcrop2503.0,-570.0.jpg",ramp,ramp
"null/a7NJpGib_0iOY52_ix6Vcwcrop7359.0,-1544.0.jpg",null,null
"null/-gVuvYdHODI1212jyV-4IAcrop5703.0,-1023.0.jpg",null,null
"sfc_problem/TO5jBZFHuSSzK6p1NnXgJQcrop8334.0,-457.0.jpg",sfc_problem,sfc_problem
"null/qoiYUrf1fTn8RbgssqDHnQcrop6773.0,-159.0.jpg",null,null
"null/saqHZp6dOhbhsLTWky1H4wcrop2804.0,-1128.0.jpg",null,null
"null/MwYn9sACdcuEkQt4Rf_0mgcrop12659.0,-540.0.jpg",null,null
"null/67Sr8AH3K_HCRkMOXxicQgcrop2356.0,-1163.0.jpg",null,null
"missing_ramp/f-gkjzK8_gqauD91-uC5Igcrop2907.0,-709.0.jpg",missing_ramp,missing_ramp
"null/MJLoIKgihJxTHJLS2SDFngcrop8215.0,-385.0.jpg",null,null
"null/xv_HS_Q-YPWBBDxi4UI1Kwcrop3737.0,-1557.0.jpg",null,null
"null/8xV5VvwVKcEJZGpyWJNBYwcrop3848.0,-331.0.jpg",null,sfc_problem
"ramp/NI7ma7FS4jHOC_zqpiE1hgcrop3061.0,-369.0.jpg",ramp,ramp
"null/EgiQl-6uf3P1aAjJ_vIA1Qcrop6936.0,-142.0.jpg",null,null
"missing_ramp/vA8gZeuIMyDkgVEm3i8sZAcrop5397.0,-780.0.jpg",missing_ramp,missing_ramp
"null/AiYeyUUe0pq0uc_zl7KJLgcrop6605.0,-1180.0.jpg",null,null
"ramp/YbecMuUtJmLkQppBEFV91wcrop1948.0,-675.0.jpg",ramp,ramp
"null/WEUDr7EXfm12sFX5GuLMsQcrop2180.0,-1065.0.jpg",null,null
"missing_ramp/AqghSwW5QZ9R_VXQfVoGFwcrop9310.0,-761.0.jpg",missing_ramp,missing_ramp
"null/qK85m2PoiPx-psFDozVdXQcrop822.0,-1463.0.jpg",null,null
"ramp/akDet_369z18DxMNgwCfPQcrop5140.0,-697.0.jpg",ramp,ramp
"ramp/dzS2jym3m3aRKadNweq4qQcrop4569.0,-451.0.jpg",ramp,ramp
"ramp/vv7VxUudWZKrZ1qBQ5MYHwcrop11081.0,-427.0.jpg",ramp,ramp
"obstruction/C_kbuF1JSY2Xlz2ApXu7tgcrop6811.0,-678.0.jpg",obstruction,obstruction
"null/htlhHXZB95lDNAoL_9ZSaQcrop1322.0,-201.0.jpg",null,null
"missing_ramp/2u2bu486JRAt5O7MRS4lbAcrop5750.0,-1718.0.jpg",missing_ramp,missing_ramp
"missing_ramp/W4lL6Qqc_0dtVMj_GEpLnwcrop2757.0,-896.0.jpg",missing_ramp,null
"sfc_problem/A-eM226LYCgGNB1WLubj8Qcrop2339.0,-946.0.jpg",sfc_problem,missing_ramp
"null/CXLeTU8-5VTIuQl8DMRGegcrop6442.0,-414.0.jpg",null,null
"ramp/wDgQvol-ueuv11Oq6Qx1uwcrop3006.0,-688.0.jpg",ramp,ramp
"null/dBp9dUCWl7a5A-BbN5dJwgcrop11722.0,-1484.0.jpg",null,null
"null/svrv8mV0z0fip6ts7mAshAcrop7309.0,-1445.0.jpg",null,null
"null/bErFea-Z8aSPssLKlkzX2wcrop4359.0,-855.0.jpg",null,null
"null/5NOnTyJsubuSEpAk0FB2Bgcrop3842.0,-420.0.jpg",null,null
"missing_ramp/_jOJrjgOYeXSFxH7Wnj9zwcrop10785.0,-567.0.jpg",missing_ramp,missing_ramp
"missing_ramp/m9ZzYatzz68q9Yku8y_zWgcrop3810.0,-738.0.jpg",missing_ramp,missing_ramp
"missing_ramp/_ThcAfjL-9PVTI2IGWcIkgcrop11090.0,-668.0.jpg",missing_ramp,missing_ramp
"null/9IXfxHnQMM23aAotoe9Wfgcrop5795.0,-669.0.jpg",null,null
"null/VJTGTIMxDqVRG3GkhZDAUAcrop3865.0,-840.0.jpg",null,obstruction
"null/6zBqH63JXbG91DZBx9VAKwcrop7585.0,-1646.0.jpg",null,null
"obstruction/4Czt4q0BsHpIvLTRccKRuQcrop9507.0,-417.0.jpg",obstruction,obstruction
"null/mGT34sB3X3hnUKeO9aHUkgcrop3202.0,-1319.0.jpg",null,null
"sfc_problem/oqP7byVfpym5eotQ9U4fdAcrop7709.0,-477.0.jpg",sfc_problem,sfc_problem
"null/vHKZmgkn2PiUVZjqkN-mHwcrop12520.0,-274.0.jpg",null,null
"null/WMEsEueIPzfkUEAchpsYSwcrop2219.0,-574.0.jpg",null,sfc_problem
"null/gTaF2HyIKjEfdeR-v_9Ylgcrop2476.0,-1441.0.jpg",null,null
"null/DMyQsZNKbq0uYQlCFdqJuQcrop8406.0,-15.0.jpg",null,null
"null/S7Up8P12LuyYUoSepIdnIgcrop8309.0,-833.0.jpg",null,null
"ramp/ggpCWmtOKrVLvh_MqtCBGgcrop7562.0,-580.0.jpg",ramp,ramp
"sfc_problem/2zMHlmqFF6V2SHqueb1fZAcrop595.0,-510.0.jpg",sfc_problem,sfc_problem
"sfc_problem/znWZwPaVDQrskf2QKidboAcrop1903.0,-668.0.jpg",sfc_problem,sfc_problem
"null/_NAC3HOv766nLTRnEsCOwQcrop9205.0,-413.0.jpg",null,null
"null/Q90ZhjjehW6GG0AuCdya5Qcrop814.0,-1388.0.jpg",null,null
"null/zqq5ltW5RviGLPtMD6pgqQcrop3879.0,-1358.0.jpg",null,null
"ramp/Ebfc5SEgnQhFobNGWu6PWgcrop6467.0,-497.0.jpg",ramp,ramp
"null/hOXM5amA-CyLgZejQtelpgcrop12718.0,-576.0.jpg",null,null
"null/ecIueXle-oA4ZYUW-tQEfwcrop12094.0,-224.0.jpg",null,null
"ramp/mvnYjPHH3a6FMcYDtTSqdQcrop7618.0,-464.0.jpg",ramp,ramp
"missing_ramp/0C6Y-w9a55RHFCACbc0PCAcrop11179.0,-505.0.jpg",missing_ramp,missing_ramp
"null/mVIvYKTqFEB6klj-p74foQcrop5816.0,-1645.0.jpg",null,null
"ramp/vab8Pdz_crutOLFqS9r9Ewcrop3713.0,-924.0.jpg",ramp,ramp
"null/vc81FvLT-3qH9AKzLRA1pwcrop3699.0,-106.0.jpg",null,null
"sfc_problem/S3DREANp0DnokEtZU-HcXwcrop3300.0,-891.0.jpg",sfc_problem,sfc_problem
"null/8HqKtHuUJIJYPS2q6JFF1Qcrop4974.0,-253.0.jpg",null,null
"null/OOW5hLZ7pezdcQlgUrclGgcrop6451.0,-230.0.jpg",null,ramp
"sfc_problem/yniMIVaOvbrF21Hv797hZwcrop2593.0,-1093.0.jpg",sfc_problem,sfc_problem
"missing_ramp/V67Nf7PIpKcBCiF0WyaVPQcrop562.0,-517.0.jpg",missing_ramp,missing_ramp
"null/lEH5No4eXvuuYSWKFZzAkgcrop427.0,-261.0.jpg",null,null
"null/wtT4iNGj2hvFPnGLQPjcsAcrop4089.0,-1648.0.jpg",null,null
"sfc_problem/LmXl_0zdMQ1H4d6F3E4OsQcrop10268.0,-1128.0.jpg",sfc_problem,sfc_problem
"obstruction/HSxCZPW2UKANuIBVp6vMWAcrop8789.0,-490.0.jpg",obstruction,obstruction
"null/4HYIhPq9FfGEngoLSgv3cgcrop4078.0,-1298.0.jpg",null,null
"null/qKcwWu5u88_c2kbSmaX1XAcrop3718.0,-263.0.jpg",null,null
"null/z4lRhgXvJVvaXTHh8PRzUQcrop8533.0,-1050.0.jpg",null,null
"ramp/cf_sTwiOnWEbXxFsphfd6gcrop465.0,-562.0.jpg",ramp,ramp
"null/JgpD-kScuKWBOuXpipBnRgcrop10504.0,-520.0.jpg",null,missing_ramp
"ramp/Ykt7H_Vrxpd674iRF7BecQcrop8869.0,-779.0.jpg",ramp,ramp
"null/PQYI5oPvgsFqnj2EGINR1wcrop6561.0,-1383.0.jpg",null,null
"null/Xh1PTDDWnY9cqO0E0jy9-Acrop10144.0,-203.0.jpg",null,null
"sfc_problem/z4lRhgXvJVvaXTHh8PRzUQcrop9355.0,-557.0.jpg",sfc_problem,sfc_problem
"obstruction/gyLh2huR_CRukCuzeKD3XQcrop742.0,-560.0.jpg",obstruction,ramp
"null/DpXwPZS48Y2F_bSP59f5MAcrop1291.0,-997.0.jpg",null,null
"null/pPT96gN8cL0u5PPHJrP1aAcrop1473.0,-854.0.jpg",null,null
"null/bgCkwWgjygVcSAM6YRg_Cwcrop4937.0,-129.0.jpg",null,null
"missing_ramp/j1Mcvnzb4rb7ysFE1JsRwwcrop5317.0,-1381.0.jpg",missing_ramp,missing_ramp
"missing_ramp/2QpVMgXKQGgCanJJnqfwpQcrop6539.0,-323.0.jpg",missing_ramp,missing_ramp
"null/wqapGFx5rtbF92KZcK97yQcrop3674.0,-501.0.jpg",null,obstruction
"null/oq7mR8v0plSAa-9cVyvTQQcrop1259.0,-1604.0.jpg",null,null
"obstruction/glwG2yRbrzdJlauhqIdeLQcrop4215.0,-149.0.jpg",obstruction,ramp
"null/QxbzMVZ-YYo_voWhEwVV6Acrop12048.0,-429.0.jpg",null,null
"null/eDOUWykuh7ZZeSw6CXmlYwcrop12949.0,-784.0.jpg",null,null
"sfc_problem/Fdgkb_BocuylHevkxEaj9wcrop12430.0,-351.0.jpg",sfc_problem,sfc_problem
"obstruction/2WaS2E9CWtSRszJ0SpG8Agcrop406.0,-538.0.jpg",obstruction,obstruction
"ramp/Ii4_QF95UYk2cAHEXdn1EAcrop6757.0,-583.0.jpg",ramp,ramp
